Level 1	Accession	Description	Taxonomy	SC	MW	pI	PepC	SpC	www	
2.-.-.-	2.7.-.-	2.7.7.-	2.7.7.6	A4N2F3	DNA-directed RNA polymerase subunit beta' OS=Haemophilus influenzae R3021 OX=375432 GN=rpoC PE=3 SV=1	root (No rank) [1]	0.027542	157.15	5.730171203613281	2	3	jar:file:/C:/Data/mpa-portable-1.8.0/mpa-portable-1.8.0.jar!/de/mpa/resources/icons/webresource16.png	
2.-.-.-	2.7.-.-	2.7.7.-	2.7.7.6	E1W3J4	DNA-directed RNA polymerase subunit beta' OS=Haemophilus parainfluenzae (strain T3T1) OX=862965 GN=rpoC PE=3 SV=1	root (No rank) [1]	0.027542	157.491	5.705711364746094	2	3	jar:file:/C:/Data/mpa-portable-1.8.0/mpa-portable-1.8.0.jar!/de/mpa/resources/icons/webresource16.png	
2.-.-.-	2.7.-.-	2.7.7.-	2.7.7.6	A4NV50	DNA-directed RNA polymerase subunit beta' OS=Haemophilus influenzae 22.4-21 OX=375063 GN=rpoC PE=3 SV=1	root (No rank) [1]	0.033135	129.229	5.592063903808594	2	3	jar:file:/C:/Data/mpa-portable-1.8.0/mpa-portable-1.8.0.jar!/de/mpa/resources/icons/webresource16.png	
2.-.-.-	2.7.-.-	2.7.7.-	2.7.7.6	F2BWU0	DNA-directed RNA polymerase subunit beta' OS=Dialister micraerophilus DSM 19965 OX=888062 GN=rpoC PE=3 SV=1	root (No rank) [1]	0.013564	147.922	6.813026428222656	1	2	jar:file:/C:/Data/mpa-portable-1.8.0/mpa-portable-1.8.0.jar!/de/mpa/resources/icons/webresource16.png	
2.-.-.-	2.7.-.-	2.7.7.-	2.7.7.6	X7RUA8	DNA-directed RNA polymerase subunit beta' OS=Fusobacterium nucleatum 13_3C OX=1357398 GN=rpoC PE=3 SV=1	root (No rank) [1]	0.013647	147.845	8.811790466308594	1	2	jar:file:/C:/Data/mpa-portable-1.8.0/mpa-portable-1.8.0.jar!/de/mpa/resources/icons/webresource16.png	
2.-.-.-	2.7.-.-	2.7.7.-	2.7.7.6	X8I7T2	DNA-directed RNA polymerase subunit beta' OS=Fusobacterium sp. OBRC1 OX=1032505 GN=rpoC PE=3 SV=1	root (No rank) [1]	0.013647	147.847	8.816062927246094	1	2	jar:file:/C:/Data/mpa-portable-1.8.0/mpa-portable-1.8.0.jar!/de/mpa/resources/icons/webresource16.png	
2.-.-.-	2.7.-.-	2.7.7.-	2.7.7.6	U7TMQ9	DNA-directed RNA polymerase subunit beta' OS=Fusobacterium nucleatum CTI-6 OX=1316587 GN=rpoC PE=3 SV=1	root (No rank) [1]	0.013647	147.889	8.811790466308594	1	2	jar:file:/C:/Data/mpa-portable-1.8.0/mpa-portable-1.8.0.jar!/de/mpa/resources/icons/webresource16.png	
2.-.-.-	2.7.-.-	2.7.7.-	2.7.7.6	D6BIJ5	DNA-directed RNA polymerase subunit beta' OS=Fusobacterium nucleatum subsp. animalis D11 OX=556264 GN=rpoC PE=3 SV=1	root (No rank) [1]	0.013647	147.996	8.935798645019531	1	2	jar:file:/C:/Data/mpa-portable-1.8.0/mpa-portable-1.8.0.jar!/de/mpa/resources/icons/webresource16.png	
2.-.-.-	2.7.-.-	2.7.7.-	2.7.7.6	A5TS56	DNA-directed RNA polymerase subunit beta' OS=Fusobacterium nucleatum subsp. polymorphum ATCC 10953 OX=393480 GN=rpoC PE=3 SV=1	root (No rank) [1]	0.013647	147.877	8.816062927246094	1	2	jar:file:/C:/Data/mpa-portable-1.8.0/mpa-portable-1.8.0.jar!/de/mpa/resources/icons/webresource16.png	
2.-.-.-	2.7.-.-	2.7.7.-	2.7.7.6	X8H0Z9	DNA-directed RNA polymerase subunit beta' OS=Fusobacterium sp. CM22 OX=936563 GN=rpoC PE=3 SV=1	root (No rank) [1]	0.013647	147.821	8.813926696777344	1	2	jar:file:/C:/Data/mpa-portable-1.8.0/mpa-portable-1.8.0.jar!/de/mpa/resources/icons/webresource16.png	
2.-.-.-	2.7.-.-	2.7.7.-	2.7.7.6	H1PIL6	DNA-directed RNA polymerase subunit beta' OS=Eubacterium infirmum F0142 OX=883109 GN=rpoC PE=3 SV=1	root (No rank) [1]	0.01391	144.345	5.858558654785156	1	2	jar:file:/C:/Data/mpa-portable-1.8.0/mpa-portable-1.8.0.jar!/de/mpa/resources/icons/webresource16.png	
2.-.-.-	2.7.-.-	2.7.7.-	2.7.7.6	B0URZ7	DNA-directed RNA polymerase subunit beta' OS=Histophilus somni (strain 2336) OX=228400 GN=rpoC PE=3 SV=1	root (No rank) [1]	0.01338	157.818	5.856422424316406	1	2	jar:file:/C:/Data/mpa-portable-1.8.0/mpa-portable-1.8.0.jar!/de/mpa/resources/icons/webresource16.png	
2.-.-.-	2.7.-.-	2.7.7.-	2.7.7.6	X2JPZ7	DNA-directed RNA polymerase subunit beta' OS=Aggregatibacter actinomycetemcomitans HK1651 OX=272556 GN=rpoC PE=3 SV=1	root (No rank) [1]	0.013361	157.729	5.880455017089844	1	2	jar:file:/C:/Data/mpa-portable-1.8.0/mpa-portable-1.8.0.jar!/de/mpa/resources/icons/webresource16.png	
2.-.-.-	2.7.-.-	2.7.7.-	2.7.7.6	U1R3G0	DNA-directed RNA polymerase subunit beta' OS=Aggregatibacter sp. oral taxon 458 str. W10330 OX=1321772 GN=rpoC PE=3 SV=1	root (No rank) [1]	0.013361	157.919	5.778450012207031	1	2	jar:file:/C:/Data/mpa-portable-1.8.0/mpa-portable-1.8.0.jar!/de/mpa/resources/icons/webresource16.png	
2.-.-.-	2.7.-.-	2.7.7.-	2.7.7.6	E6L058	DNA-directed RNA polymerase subunit beta' OS=Aggregatibacter segnis ATCC 33393 OX=888057 GN=rpoC PE=3 SV=1	root (No rank) [1]	0.013361	157.88	5.861549377441406	1	2	jar:file:/C:/Data/mpa-portable-1.8.0/mpa-portable-1.8.0.jar!/de/mpa/resources/icons/webresource16.png	
2.-.-.-	2.7.-.-	2.7.7.-	2.7.7.6	F0IPD0	DNA-directed RNA polymerase subunit beta' OS=Streptococcus sanguinis SK150 OX=888811 GN=rpoC PE=3 SV=1	Streptococcus (Genus) [1301]	0.0107	135.623	6.699058532714844	1	1	jar:file:/C:/Data/mpa-portable-1.8.0/mpa-portable-1.8.0.jar!/de/mpa/resources/icons/webresource16.png	
2.-.-.-	2.7.-.-	2.7.7.-	2.7.7.6	F0HYQ5	DNA-directed RNA polymerase subunit beta' OS=Streptococcus sanguinis SK72 OX=888809 GN=rpoC PE=3 SV=1	Streptococcus (Genus) [1301]	0.0107	135.653	6.699058532714844	1	1	jar:file:/C:/Data/mpa-portable-1.8.0/mpa-portable-1.8.0.jar!/de/mpa/resources/icons/webresource16.png	
2.-.-.-	2.7.-.-	2.7.7.-	2.7.7.6	E8KS56	DNA-directed RNA polymerase subunit beta' OS=Streptococcus sanguinis VMC66 OX=888825 GN=rpoC PE=3 SV=1	Streptococcus (Genus) [1301]	0.010779	134.575	6.698631286621094	1	1	jar:file:/C:/Data/mpa-portable-1.8.0/mpa-portable-1.8.0.jar!/de/mpa/resources/icons/webresource16.png	
2.-.-.-	2.7.-.-	2.7.7.-	2.7.7.6	U5P1T0	DNA-directed RNA polymerase subunit beta' OS=Streptococcus sp. I-P16 OX=1156433 GN=rpoC PE=3 SV=1	Streptococcus (Genus) [1301]	0.010682	135.736	6.498252868652344	1	1	jar:file:/C:/Data/mpa-portable-1.8.0/mpa-portable-1.8.0.jar!/de/mpa/resources/icons/webresource16.png	
2.-.-.-	2.7.-.-	2.7.7.-	2.7.7.6	A8AZI2	DNA-directed RNA polymerase subunit beta' OS=Streptococcus gordonii (strain Challis / ATCC 35105 / BCRC 15272 / CH1 / DL1 / V288) OX=467705 GN=rpoC PE=3 SV=1	Streptococcus (Genus) [1301]	0.0107	135.425	6.698524475097656	1	1	jar:file:/C:/Data/mpa-portable-1.8.0/mpa-portable-1.8.0.jar!/de/mpa/resources/icons/webresource16.png	
2.-.-.-	2.7.-.-	2.7.7.-	2.7.7.6	C8NDS7	DNA-directed RNA polymerase subunit beta' OS=Granulicatella adiacens ATCC 49175 OX=638301 GN=rpoC PE=3 SV=1	root (No rank) [1]	0.014938	134.775	6.903175354003906	1	1	jar:file:/C:/Data/mpa-portable-1.8.0/mpa-portable-1.8.0.jar!/de/mpa/resources/icons/webresource16.png	
2.-.-.-	2.7.-.-	2.7.7.-	2.7.7.56	X8GQI2	Multifunctional fusion protein OS=Fusobacterium sp. CM22 OX=936563 GN=rph PE=3 SV=1	Fusobacterium sp. CM22 (Species) [936563]	0.034483	48.357	5.218116760253906	1	4	jar:file:/C:/Data/mpa-portable-1.8.0/mpa-portable-1.8.0.jar!/de/mpa/resources/icons/webresource16.png	
2.-.-.-	2.7.-.-	2.7.1.-	2.7.1.40	F9PE10	Pyruvate kinase OS=Streptococcus infantis X OX=997830 GN=pyk PE=3 SV=1	root (No rank) [1]	0.035928	54.666	5.012718200683594	1	3	jar:file:/C:/Data/mpa-portable-1.8.0/mpa-portable-1.8.0.jar!/de/mpa/resources/icons/webresource16.png	
2.-.-.-	2.7.-.-	2.7.1.-	2.7.1.40	A8AXW0	Pyruvate kinase OS=Streptococcus gordonii (strain Challis / ATCC 35105 / BCRC 15272 / CH1 / DL1 / V288) OX=467705 GN=pyk PE=3 SV=1	root (No rank) [1]	0.035928	54.765	4.943717956542969	1	3	jar:file:/C:/Data/mpa-portable-1.8.0/mpa-portable-1.8.0.jar!/de/mpa/resources/icons/webresource16.png	
2.-.-.-	2.7.-.-	2.7.1.-	2.7.1.40	F9PU60	Pyruvate kinase OS=Streptococcus infantis SK970 OX=1035189 GN=pyk PE=3 SV=1	root (No rank) [1]	0.035928	54.788	5.196754455566406	1	3	jar:file:/C:/Data/mpa-portable-1.8.0/mpa-portable-1.8.0.jar!/de/mpa/resources/icons/webresource16.png	
2.-.-.-	2.7.-.-	2.7.1.-	2.7.1.40	I0SSN1	Pyruvate kinase OS=Streptococcus oralis SK1074 OX=1095738 GN=pyk PE=3 SV=1	root (No rank) [1]	0.035928	54.748	5.067832946777344	1	3	jar:file:/C:/Data/mpa-portable-1.8.0/mpa-portable-1.8.0.jar!/de/mpa/resources/icons/webresource16.png	
2.-.-.-	2.7.-.-	2.7.1.-	2.7.1.40	K8MMW9	Pyruvate kinase OS=Streptococcus sp. F0442 OX=999425 GN=HMPREF9186_02059 PE=3 SV=1	root (No rank) [1]	0.035928	54.804	5.039421081542969	1	3	jar:file:/C:/Data/mpa-portable-1.8.0/mpa-portable-1.8.0.jar!/de/mpa/resources/icons/webresource16.png	
2.-.-.-	2.7.-.-	2.7.1.-	2.7.1.40	D0RVG4	Pyruvate kinase OS=Streptococcus sp. 2_1_36FAA OX=469609 GN=HMPREF0847_01285 PE=3 SV=1	root (No rank) [1]	0.035928	54.707	4.990180969238281	1	3	jar:file:/C:/Data/mpa-portable-1.8.0/mpa-portable-1.8.0.jar!/de/mpa/resources/icons/webresource16.png	
2.-.-.-	2.7.-.-	2.7.1.-	2.7.1.11	A8AXW1	ATP-dependent 6-phosphofructokinase OS=Streptococcus gordonii (strain Challis / ATCC 35105 / BCRC 15272 / CH1 / DL1 / V288) OX=467705 GN=pfkA PE=3 SV=1	root (No rank) [1]	0.053571	35.324	5.621009826660156	1	1	jar:file:/C:/Data/mpa-portable-1.8.0/mpa-portable-1.8.0.jar!/de/mpa/resources/icons/webresource16.png	
2.-.-.-	2.7.-.-	2.7.1.-	2.7.1.11	C9R674	ATP-dependent 6-phosphofructokinase OS=Aggregatibacter actinomycetemcomitans serotype C (strain D11S-1) OX=668336 GN=pfkA PE=3 SV=1	root (No rank) [1]	0.056075	35.109	6.377555847167969	1	1	jar:file:/C:/Data/mpa-portable-1.8.0/mpa-portable-1.8.0.jar!/de/mpa/resources/icons/webresource16.png	
2.-.-.-	2.7.-.-	2.7.1.-	2.7.1.11	I2NFP9	ATP-dependent 6-phosphofructokinase OS=Haemophilus paraphrohaemolyticus HK411 OX=1095743 GN=pfkA PE=3 SV=1	root (No rank) [1]	0.055556	35.518	6.564903259277344	1	1	jar:file:/C:/Data/mpa-portable-1.8.0/mpa-portable-1.8.0.jar!/de/mpa/resources/icons/webresource16.png	
2.-.-.-	2.7.-.-	2.7.1.-	2.7.1.11	I3D866	ATP-dependent 6-phosphofructokinase OS=Haemophilus parahaemolyticus HK385 OX=1095744 GN=pfkA PE=3 SV=1	root (No rank) [1]	0.055556	35.445	6.427436828613281	1	1	jar:file:/C:/Data/mpa-portable-1.8.0/mpa-portable-1.8.0.jar!/de/mpa/resources/icons/webresource16.png	
2.-.-.-	2.7.-.-	2.7.1.-	2.7.1.11	D3H8Q6	ATP-dependent 6-phosphofructokinase OS=Streptococcus mitis (strain B6) OX=365659 GN=pfkA PE=3 SV=1	root (No rank) [1]	0.053731	35.463	5.191413879394531	1	1	jar:file:/C:/Data/mpa-portable-1.8.0/mpa-portable-1.8.0.jar!/de/mpa/resources/icons/webresource16.png	
2.-.-.-	2.7.-.-	2.7.1.-	2.7.1.11	E6KZE2	ATP-dependent 6-phosphofructokinase OS=Aggregatibacter segnis ATCC 33393 OX=888057 GN=pfkA PE=3 SV=1	root (No rank) [1]	0.056075	35.227	6.013648986816406	1	1	jar:file:/C:/Data/mpa-portable-1.8.0/mpa-portable-1.8.0.jar!/de/mpa/resources/icons/webresource16.png	
2.-.-.-	2.7.-.-	2.7.1.-	2.7.1.11	H1LLX3	ATP-dependent 6-phosphofructokinase OS=Haemophilus sp. oral taxon 851 str. F0397 OX=762965 GN=pfkA PE=3 SV=1	root (No rank) [1]	0.056075	34.923	6.269676208496094	1	1	jar:file:/C:/Data/mpa-portable-1.8.0/mpa-portable-1.8.0.jar!/de/mpa/resources/icons/webresource16.png	
2.-.-.-	2.7.-.-	2.7.1.-	2.7.1.11	F9H3D9	ATP-dependent 6-phosphofructokinase OS=Haemophilus haemolyticus M21639 OX=1028806 GN=pfkA PE=3 SV=1	root (No rank) [1]	0.056075	34.862	6.184867858886719	1	1	jar:file:/C:/Data/mpa-portable-1.8.0/mpa-portable-1.8.0.jar!/de/mpa/resources/icons/webresource16.png	
2.-.-.-	2.7.-.-	2.7.1.-	2.7.1.11	Q0I267	ATP-dependent 6-phosphofructokinase OS=Haemophilus somnus (strain 129Pt) OX=205914 GN=pfkA PE=3 SV=1	root (No rank) [1]	0.056075	35.244	5.961311340332031	1	1	jar:file:/C:/Data/mpa-portable-1.8.0/mpa-portable-1.8.0.jar!/de/mpa/resources/icons/webresource16.png	
2.-.-.-	2.7.-.-	2.7.1.-	2.7.1.11	C7XSV9	ATP-dependent 6-phosphofructokinase OS=Fusobacterium nucleatum subsp. vincentii 3_1_36A2 OX=469604 GN=pfkA PE=3 SV=2	root (No rank) [1]	0.040373	34.92	8.181602478027344	1	1	jar:file:/C:/Data/mpa-portable-1.8.0/mpa-portable-1.8.0.jar!/de/mpa/resources/icons/webresource16.png	
2.-.-.-	2.7.-.-	2.7.1.-	2.7.1.11	S4VSG5	6-phosphofructokinase (Fragment) OS=Fusobacterium hwasookii ChDC F145 OX=1307441 GN=pfkA PE=3 SV=1	root (No rank) [1]	0.040373	35.145	7.057624816894531	1	1	jar:file:/C:/Data/mpa-portable-1.8.0/mpa-portable-1.8.0.jar!/de/mpa/resources/icons/webresource16.png	
2.-.-.-	2.7.-.-	2.7.1.-	2.7.1.11	S4VNQ0	6-phosphofructokinase (Fragment) OS=Fusobacterium hwasookii ChDC F174 OX=1307442 GN=pfkA PE=3 SV=1	root (No rank) [1]	0.040373	34.968	6.680259704589844	1	1	jar:file:/C:/Data/mpa-portable-1.8.0/mpa-portable-1.8.0.jar!/de/mpa/resources/icons/webresource16.png	
2.-.-.-	2.7.-.-	2.7.1.-	2.7.1.11	D4CSE0	ATP-dependent 6-phosphofructokinase OS=Fusobacterium periodonticum ATCC 33693 OX=546275 GN=pfkA PE=3 SV=1	root (No rank) [1]	0.038462	36.86	8.181388854980469	1	1	jar:file:/C:/Data/mpa-portable-1.8.0/mpa-portable-1.8.0.jar!/de/mpa/resources/icons/webresource16.png	
2.-.-.-	2.7.-.-	2.7.1.-	2.7.1.11	S4VS48	6-phosphofructokinase (Fragment) OS=Fusobacterium hwasookii ChDC F206 OX=1307443 GN=pfkA PE=3 SV=1	root (No rank) [1]	0.040373	34.995	7.057518005371094	1	1	jar:file:/C:/Data/mpa-portable-1.8.0/mpa-portable-1.8.0.jar!/de/mpa/resources/icons/webresource16.png	
2.-.-.-	2.7.-.-	2.7.1.-	2.7.1.11	S4VL70	6-phosphofructokinase (Fragment) OS=Fusobacterium hwasookii ChDC F300 OX=1307444 GN=pfkA PE=3 SV=1	root (No rank) [1]	0.040373	34.967	7.056983947753906	1	1	jar:file:/C:/Data/mpa-portable-1.8.0/mpa-portable-1.8.0.jar!/de/mpa/resources/icons/webresource16.png	
2.-.-.-	2.7.-.-	2.7.1.-	2.7.1.11	D6LGX1	ATP-dependent 6-phosphofructokinase OS=Fusobacterium periodonticum 1_1_41FAA OX=469621 GN=pfkA PE=3 SV=1	root (No rank) [1]	0.040373	34.941	7.662498474121094	1	1	jar:file:/C:/Data/mpa-portable-1.8.0/mpa-portable-1.8.0.jar!/de/mpa/resources/icons/webresource16.png	
2.-.-.-	2.7.-.-	2.7.1.-	2.7.1.11	G6C428	Multifunctional fusion protein OS=Fusobacterium sp. oral taxon 370 str. F0437 OX=861452 GN=pfkA PE=3 SV=1	root (No rank) [1]	0.029083	50.143	8.541557312011719	1	1	jar:file:/C:/Data/mpa-portable-1.8.0/mpa-portable-1.8.0.jar!/de/mpa/resources/icons/webresource16.png	
2.-.-.-	2.7.-.-	2.7.1.-	2.7.1.69	F0ESD8	PTS system, N-acetylglucosamine-specific IIBC component OS=Haemophilus parainfluenzae ATCC 33392 OX=888828 GN=nagE PE=4 SV=1	Haemophilus parainfluenzae ATCC 33392 (Subspecies) [888828]	0.036885	52.393	6.669898986816406	1	1	jar:file:/C:/Data/mpa-portable-1.8.0/mpa-portable-1.8.0.jar!/de/mpa/resources/icons/webresource16.png	
2.-.-.-	2.7.-.-	2.7.1.-	2.7.1.30	U7T3R4	Glycerol kinase OS=Fusobacterium nucleatum CTI-5 OX=1316586 GN=glpK PE=3 SV=1	root (No rank) [1]	0.034205	55.104	6.327461242675781	1	1	jar:file:/C:/Data/mpa-portable-1.8.0/mpa-portable-1.8.0.jar!/de/mpa/resources/icons/webresource16.png	
2.-.-.-	2.7.-.-	2.7.1.-	2.7.1.30	D6LJ82	Glycerol kinase OS=Fusobacterium periodonticum 1_1_41FAA OX=469621 GN=glpK PE=3 SV=1	root (No rank) [1]	0.034205	55.08	5.597938537597656	1	1	jar:file:/C:/Data/mpa-portable-1.8.0/mpa-portable-1.8.0.jar!/de/mpa/resources/icons/webresource16.png	
2.-.-.-	2.7.-.-	2.7.1.-	2.7.1.30	X8IGV8	Glycerol kinase OS=Fusobacterium sp. CM1 OX=936561 GN=glpK PE=3 SV=1	root (No rank) [1]	0.034205	55.104	6.327461242675781	1	1	jar:file:/C:/Data/mpa-portable-1.8.0/mpa-portable-1.8.0.jar!/de/mpa/resources/icons/webresource16.png	
2.-.-.-	2.7.-.-	2.7.1.-	E6KX00	PTS family glucose porter, IIA component OS=Aggregatibacter segnis ATCC 33393 OX=888057 GN=crr PE=4 SV=1	Aggregatibacter segnis ATCC 33393 (Subspecies) [888057]	0.096386	17.821	4.772819519042969	1	1	jar:file:/C:/Data/mpa-portable-1.8.0/mpa-portable-1.8.0.jar!/de/mpa/resources/icons/webresource16.png	
2.-.-.-	2.7.-.-	2.7.2.-	2.7.2.1	D5RD19	Acetate kinase OS=Fusobacterium nucleatum subsp. nucleatum (strain ATCC 23726 / VPI 4351) OX=525283 GN=ackA PE=3 SV=1	root (No rank) [1]	0.050251	43.627	5.939414978027344	1	2	jar:file:/C:/Data/mpa-portable-1.8.0/mpa-portable-1.8.0.jar!/de/mpa/resources/icons/webresource16.png	
2.-.-.-	2.7.-.-	2.7.2.-	2.7.2.1	G6C0X0	Acetate kinase OS=Fusobacterium sp. oral taxon 370 str. F0437 OX=861452 GN=ackA PE=3 SV=1	root (No rank) [1]	0.050251	43.611	5.939414978027344	1	2	jar:file:/C:/Data/mpa-portable-1.8.0/mpa-portable-1.8.0.jar!/de/mpa/resources/icons/webresource16.png	
2.-.-.-	2.7.-.-	2.7.2.-	2.7.2.1	A5TU50	Acetate kinase OS=Fusobacterium nucleatum subsp. polymorphum ATCC 10953 OX=393480 GN=ackA PE=3 SV=1	root (No rank) [1]	0.050251	43.663	6.049751281738281	1	2	jar:file:/C:/Data/mpa-portable-1.8.0/mpa-portable-1.8.0.jar!/de/mpa/resources/icons/webresource16.png	
2.-.-.-	2.7.-.-	2.7.2.-	2.7.2.1	F0IPB4	Acetate kinase OS=Streptococcus sanguinis SK150 OX=888811 GN=ackA2 PE=3 SV=1	Streptococcus sanguinis (Species) [1305]	0.040302	43.597	5.339347839355469	1	1	jar:file:/C:/Data/mpa-portable-1.8.0/mpa-portable-1.8.0.jar!/de/mpa/resources/icons/webresource16.png	
2.-.-.-	2.7.-.-	2.7.2.-	2.7.2.1	F2BTJ8	Acetate kinase OS=Streptococcus sanguinis SK1057 OX=888821 GN=ackA2 PE=3 SV=1	Streptococcus sanguinis (Species) [1305]	0.040302	43.839	5.177314758300781	1	1	jar:file:/C:/Data/mpa-portable-1.8.0/mpa-portable-1.8.0.jar!/de/mpa/resources/icons/webresource16.png	
2.-.-.-	2.7.-.-	2.7.2.-	2.7.2.1	F3SKF0	Acetate kinase OS=Streptococcus sanguinis SK1087 OX=888824 GN=ackA PE=3 SV=1	Streptococcus sanguinis (Species) [1305]	0.040302	43.611	5.339347839355469	1	1	jar:file:/C:/Data/mpa-portable-1.8.0/mpa-portable-1.8.0.jar!/de/mpa/resources/icons/webresource16.png	
2.-.-.-	2.7.-.-	2.7.2.-	2.7.2.1	F0HYS1	Acetate kinase OS=Streptococcus sanguinis SK72 OX=888809 GN=ackA PE=3 SV=1	Streptococcus sanguinis (Species) [1305]	0.040302	43.641	5.277183532714844	1	1	jar:file:/C:/Data/mpa-portable-1.8.0/mpa-portable-1.8.0.jar!/de/mpa/resources/icons/webresource16.png	
2.-.-.-	2.7.-.-	2.7.2.-	2.7.2.1	F3V040	Acetate kinase OS=Streptococcus sanguinis SK49 OX=888808 GN=ackA PE=3 SV=1	Streptococcus sanguinis (Species) [1305]	0.040302	43.627	5.339347839355469	1	1	jar:file:/C:/Data/mpa-portable-1.8.0/mpa-portable-1.8.0.jar!/de/mpa/resources/icons/webresource16.png	
2.-.-.-	2.7.-.-	2.7.2.-	2.7.2.1	F0FFZ0	Acetate kinase OS=Streptococcus sanguinis SK353 OX=888815 GN=ackA PE=3 SV=1	Streptococcus sanguinis (Species) [1305]	0.040302	43.739	5.226127624511719	1	1	jar:file:/C:/Data/mpa-portable-1.8.0/mpa-portable-1.8.0.jar!/de/mpa/resources/icons/webresource16.png	
2.-.-.-	2.7.-.-	2.7.2.-	2.7.2.1	F9E3Z1	Acetate kinase OS=Streptococcus sanguinis ATCC 29667 OX=997356 GN=ackA PE=3 SV=1	Streptococcus sanguinis (Species) [1305]	0.040302	43.627	5.411338806152344	1	1	jar:file:/C:/Data/mpa-portable-1.8.0/mpa-portable-1.8.0.jar!/de/mpa/resources/icons/webresource16.png	
2.-.-.-	2.7.-.-	2.7.2.-	2.7.2.1	E8KS40	Acetate kinase OS=Streptococcus sanguinis VMC66 OX=888825 GN=ackA PE=3 SV=1	Streptococcus sanguinis (Species) [1305]	0.040302	43.609	5.277183532714844	1	1	jar:file:/C:/Data/mpa-portable-1.8.0/mpa-portable-1.8.0.jar!/de/mpa/resources/icons/webresource16.png	
2.-.-.-	2.7.-.-	2.7.2.-	2.7.2.1	D4CV23	Acetate kinase OS=Fusobacterium periodonticum ATCC 33693 OX=546275 GN=ackA PE=3 SV=1	root (No rank) [1]	0.050251	43.552	5.838584899902344	1	1	jar:file:/C:/Data/mpa-portable-1.8.0/mpa-portable-1.8.0.jar!/de/mpa/resources/icons/webresource16.png	
2.-.-.-	2.7.-.-	2.7.2.-	2.7.2.1	D6LG78	Acetate kinase OS=Fusobacterium periodonticum 1_1_41FAA OX=469621 GN=ackA PE=3 SV=1	root (No rank) [1]	0.050251	43.556	5.938774108886719	1	1	jar:file:/C:/Data/mpa-portable-1.8.0/mpa-portable-1.8.0.jar!/de/mpa/resources/icons/webresource16.png	
2.-.-.-	2.7.-.-	2.7.2.-	2.7.2.3	S0FBK6	Phosphoglycerate kinase OS=Bacteroides coprophilus DSM 18228 = JCM 13818 OX=547042 GN=pgk PE=3 SV=1	root (No rank) [1]	0.047847	44.322	5.643333435058594	1	1	jar:file:/C:/Data/mpa-portable-1.8.0/mpa-portable-1.8.0.jar!/de/mpa/resources/icons/webresource16.png	
2.-.-.-	2.7.-.-	2.7.2.-	2.7.2.3	B3JI07	Phosphoglycerate kinase OS=Bacteroides coprocola DSM 17136 OX=470145 GN=pgk PE=3 SV=1	root (No rank) [1]	0.047847	44.235	5.598258972167969	1	1	jar:file:/C:/Data/mpa-portable-1.8.0/mpa-portable-1.8.0.jar!/de/mpa/resources/icons/webresource16.png	
2.-.-.-	2.7.-.-	2.7.2.-	2.7.2.3	R6YCV7	Phosphoglycerate kinase OS=Bacteroides sp. CAG:714 OX=1262749 GN=pgk PE=3 SV=1	root (No rank) [1]	0.047847	44.266	5.972740173339844	1	1	jar:file:/C:/Data/mpa-portable-1.8.0/mpa-portable-1.8.0.jar!/de/mpa/resources/icons/webresource16.png	
2.-.-.-	2.7.-.-	2.7.4.-	2.7.4.3	A8AZK4	Adenylate kinase OS=Streptococcus gordonii (strain Challis / ATCC 35105 / BCRC 15272 / CH1 / DL1 / V288) OX=467705 GN=adk PE=3 SV=1	root (No rank) [1]	0.080189	23.8	4.947456359863281	1	1	jar:file:/C:/Data/mpa-portable-1.8.0/mpa-portable-1.8.0.jar!/de/mpa/resources/icons/webresource16.png	
2.-.-.-	2.7.-.-	2.7.6.-	2.7.6.1	U1R2P3	Ribose-phosphate pyrophosphokinase OS=Aggregatibacter sp. oral taxon 458 str. W10330 OX=1321772 GN=prs PE=3 SV=1	root (No rank) [1]	0.060127	34.188	5.426078796386719	1	1	jar:file:/C:/Data/mpa-portable-1.8.0/mpa-portable-1.8.0.jar!/de/mpa/resources/icons/webresource16.png	
2.-.-.-	2.7.-.-	2.7.6.-	2.7.6.1	E1W565	Ribose-phosphate pyrophosphokinase OS=Haemophilus parainfluenzae (strain T3T1) OX=862965 GN=prs PE=3 SV=1	root (No rank) [1]	0.060317	34.163	5.277397155761719	1	1	jar:file:/C:/Data/mpa-portable-1.8.0/mpa-portable-1.8.0.jar!/de/mpa/resources/icons/webresource16.png	
2.-.-.-	2.7.-.-	2.7.6.-	2.7.6.1	E6KWM6	Ribose-phosphate pyrophosphokinase OS=Aggregatibacter segnis ATCC 33393 OX=888057 GN=prsA PE=3 SV=1	root (No rank) [1]	0.060127	34.19	5.418067932128906	1	1	jar:file:/C:/Data/mpa-portable-1.8.0/mpa-portable-1.8.0.jar!/de/mpa/resources/icons/webresource16.png	
2.-.-.-	2.3.-.-	2.3.1.-	2.3.1.54	X8I229	Formate C-acetyltransferase OS=Fusobacterium sp. CM1 OX=936561 GN=pflB PE=4 SV=1	Fusobacterium (Genus) [848]	0.021534	84.067	5.864006042480469	1	4	jar:file:/C:/Data/mpa-portable-1.8.0/mpa-portable-1.8.0.jar!/de/mpa/resources/icons/webresource16.png	
2.-.-.-	2.3.-.-	2.3.1.-	2.3.1.54	A5TT81	Formate C-acetyltransferase OS=Fusobacterium nucleatum subsp. polymorphum ATCC 10953 OX=393480 GN=pflB PE=4 SV=1	Fusobacterium (Genus) [848]	0.021534	83.908	5.653907775878906	1	4	jar:file:/C:/Data/mpa-portable-1.8.0/mpa-portable-1.8.0.jar!/de/mpa/resources/icons/webresource16.png	
2.-.-.-	2.3.-.-	2.3.1.-	2.3.1.54	F9EK44	Formate acetyltransferase OS=Fusobacterium nucleatum subsp. animalis ATCC 51191 OX=997347 GN=pflB PE=4 SV=1	Fusobacterium (Genus) [848]	0.021858	82.639	5.714469909667969	1	4	jar:file:/C:/Data/mpa-portable-1.8.0/mpa-portable-1.8.0.jar!/de/mpa/resources/icons/webresource16.png	
2.-.-.-	2.3.-.-	2.3.1.-	2.3.1.54	C9R667	Pyruvate formate-lyase OS=Aggregatibacter actinomycetemcomitans serotype C (strain D11S-1) OX=668336 GN=D11S_1949 PE=4 SV=1	root (No rank) [1]	0.020779	86.364	5.649848937988281	1	2	jar:file:/C:/Data/mpa-portable-1.8.0/mpa-portable-1.8.0.jar!/de/mpa/resources/icons/webresource16.png	
2.-.-.-	2.3.-.-	2.3.1.-	2.3.1.54	F9Q9A3	Formate C-acetyltransferase OS=Haemophilus pittmaniae HK 85 OX=1035188 GN=pflB PE=4 SV=1	root (No rank) [1]	0.020779	86.098	5.664054870605469	1	2	jar:file:/C:/Data/mpa-portable-1.8.0/mpa-portable-1.8.0.jar!/de/mpa/resources/icons/webresource16.png	
2.-.-.-	2.3.-.-	2.3.1.-	2.3.1.54	J4TQ50	Formate C-acetyltransferase OS=Haemophilus sputorum HK 2154 OX=1078483 GN=pflB PE=4 SV=1	root (No rank) [1]	0.020672	86.682	5.653907775878906	1	2	jar:file:/C:/Data/mpa-portable-1.8.0/mpa-portable-1.8.0.jar!/de/mpa/resources/icons/webresource16.png	
2.-.-.-	2.3.-.-	2.3.1.-	2.3.1.54	E6KZF0	Formate acetyltransferase OS=Aggregatibacter segnis ATCC 33393 OX=888057 GN=pflB PE=4 SV=1	root (No rank) [1]	0.020779	86.489	5.674415588378906	1	2	jar:file:/C:/Data/mpa-portable-1.8.0/mpa-portable-1.8.0.jar!/de/mpa/resources/icons/webresource16.png	
2.-.-.-	2.3.-.-	2.3.1.-	2.3.1.54	F0ERD1	Formate C-acetyltransferase OS=Haemophilus parainfluenzae ATCC 33392 OX=888828 GN=pflB PE=4 SV=1	root (No rank) [1]	0.020779	86.175	5.746726989746094	1	2	jar:file:/C:/Data/mpa-portable-1.8.0/mpa-portable-1.8.0.jar!/de/mpa/resources/icons/webresource16.png	
2.-.-.-	2.3.-.-	2.3.1.-	2.3.1.54	B0UTC2	Formate acetyltransferase OS=Histophilus somni (strain 2336) OX=228400 GN=HSM_1041 PE=4 SV=1	root (No rank) [1]	0.020672	86.697	5.709663391113281	1	2	jar:file:/C:/Data/mpa-portable-1.8.0/mpa-portable-1.8.0.jar!/de/mpa/resources/icons/webresource16.png	
2.-.-.-	2.3.-.-	2.3.1.-	2.3.1.54	F2C316	Formate acetyltransferase OS=Haemophilus aegyptius ATCC 11116 OX=888728 GN=pflB PE=4 SV=1	root (No rank) [1]	0.020779	86.262	5.680610656738281	1	2	jar:file:/C:/Data/mpa-portable-1.8.0/mpa-portable-1.8.0.jar!/de/mpa/resources/icons/webresource16.png	
2.-.-.-	2.3.-.-	2.3.1.-	2.3.1.54	J7QDI8	Formate C-acetyltransferase OS=Escherichia coli OX=562 GN=pflB PE=4 SV=1	root (No rank) [1]	0.021053	85.326	5.690437316894531	1	2	jar:file:/C:/Data/mpa-portable-1.8.0/mpa-portable-1.8.0.jar!/de/mpa/resources/icons/webresource16.png	
2.-.-.-	2.3.-.-	2.3.1.-	2.3.1.54	C5NWS2	Formate C-acetyltransferase OS=Gemella haemolysans ATCC 10379 OX=546270 GN=pflB PE=4 SV=1	Gemella haemolysans (Species) [1379]	0.013405	83.417	5.348854064941406	1	1	jar:file:/C:/Data/mpa-portable-1.8.0/mpa-portable-1.8.0.jar!/de/mpa/resources/icons/webresource16.png	
2.-.-.-	2.3.-.-	2.3.1.-	2.3.1.41	E6KWI2	3-oxoacyl-(Acyl-carrier-protein) synthase II OS=Aggregatibacter segnis ATCC 33393 OX=888057 GN=fabF3 PE=3 SV=1	root (No rank) [1]	0.040865	43.783	5.323432922363281	1	1	jar:file:/C:/Data/mpa-portable-1.8.0/mpa-portable-1.8.0.jar!/de/mpa/resources/icons/webresource16.png	
2.-.-.-	2.8.-.-	2.8.3.-	2.8.3.12	D4CWV2	Glutaconate CoA-transferase subunit B OS=Fusobacterium periodonticum ATCC 33693 OX=546275 GN=gctB PE=4 SV=1	root (No rank) [1]	0.116105	29.292	5.628273010253906	2	5	jar:file:/C:/Data/mpa-portable-1.8.0/mpa-portable-1.8.0.jar!/de/mpa/resources/icons/webresource16.png	
2.-.-.-	2.8.-.-	2.8.3.-	2.8.3.12	X8H5C7	Glutaconate CoA-transferase subunit B OS=Fusobacterium sp. CM22 OX=936563 GN=gctB PE=4 SV=1	root (No rank) [1]	0.116105	29.348	5.871803283691406	2	5	jar:file:/C:/Data/mpa-portable-1.8.0/mpa-portable-1.8.0.jar!/de/mpa/resources/icons/webresource16.png	
2.-.-.-	2.8.-.-	2.8.3.-	2.8.3.12	D5RC24	Glutaconate CoA-transferase subunit B OS=Fusobacterium nucleatum subsp. nucleatum (strain ATCC 23726 / VPI 4351) OX=525283 GN=gctB PE=4 SV=1	root (No rank) [1]	0.05618	29.321	5.871803283691406	1	2	jar:file:/C:/Data/mpa-portable-1.8.0/mpa-portable-1.8.0.jar!/de/mpa/resources/icons/webresource16.png	
2.-.-.-	2.5.-.-	2.5.1.-	2.5.1.6	R5N7T1	S-adenosylmethionine synthase OS=Bacteroides sp. CAG:1076 OX=1262735 GN=metK PE=3 SV=1	root (No rank) [1]	0.034803	47.757	5.670143127441406	1	1	jar:file:/C:/Data/mpa-portable-1.8.0/mpa-portable-1.8.0.jar!/de/mpa/resources/icons/webresource16.png	
2.-.-.-	2.5.-.-	2.5.1.-	2.5.1.6	B3JG31	S-adenosylmethionine synthase OS=Bacteroides coprocola DSM 17136 OX=470145 GN=metK PE=3 SV=1	root (No rank) [1]	0.034803	47.786	5.434944152832031	1	1	jar:file:/C:/Data/mpa-portable-1.8.0/mpa-portable-1.8.0.jar!/de/mpa/resources/icons/webresource16.png	
2.-.-.-	2.5.-.-	2.5.1.-	2.5.1.6	U2HI72	S-adenosylmethionine synthase OS=Sphingobacterium paucimobilis HER1398 OX=1346330 GN=metK PE=3 SV=1	root (No rank) [1]	0.035971	45.966	5.399803161621094	1	1	jar:file:/C:/Data/mpa-portable-1.8.0/mpa-portable-1.8.0.jar!/de/mpa/resources/icons/webresource16.png	
2.-.-.-	2.5.-.-	2.5.1.-	2.5.1.6	R6EB49	S-adenosylmethionine synthase OS=Prevotella sp. CAG:1320 OX=1262922 GN=metK PE=3 SV=1	root (No rank) [1]	0.035294	47.43	5.397773742675781	1	1	jar:file:/C:/Data/mpa-portable-1.8.0/mpa-portable-1.8.0.jar!/de/mpa/resources/icons/webresource16.png	
2.-.-.-	2.5.-.-	2.5.1.-	2.5.1.6	R5ANQ4	S-adenosylmethionine synthase OS=Prevotella sp. CAG:1031 OX=1262917 GN=metK PE=3 SV=1	root (No rank) [1]	0.034014	48.226	5.229118347167969	1	1	jar:file:/C:/Data/mpa-portable-1.8.0/mpa-portable-1.8.0.jar!/de/mpa/resources/icons/webresource16.png	
2.-.-.-	2.5.-.-	2.5.1.-	2.5.1.6	R6YC96	S-adenosylmethionine synthase OS=Bacteroides sp. CAG:714 OX=1262749 GN=metK PE=3 SV=1	root (No rank) [1]	0.034884	47.65	5.303672790527344	1	1	jar:file:/C:/Data/mpa-portable-1.8.0/mpa-portable-1.8.0.jar!/de/mpa/resources/icons/webresource16.png	
2.-.-.-	2.5.-.-	2.5.1.-	2.5.1.6	D6KMQ4	S-adenosylmethionine synthase OS=Veillonella sp. 6_1_27 OX=450749 GN=metK PE=3 SV=1	root (No rank) [1]	0.037879	43.233	5.447441101074219	1	1	jar:file:/C:/Data/mpa-portable-1.8.0/mpa-portable-1.8.0.jar!/de/mpa/resources/icons/webresource16.png	
2.-.-.-	2.5.-.-	2.5.1.-	2.5.1.6	E4LCT0	S-adenosylmethionine synthase OS=Veillonella sp. oral taxon 158 str. F0412 OX=879309 GN=metK PE=3 SV=1	root (No rank) [1]	0.037879	43.09	5.524345397949219	1	1	jar:file:/C:/Data/mpa-portable-1.8.0/mpa-portable-1.8.0.jar!/de/mpa/resources/icons/webresource16.png	
2.-.-.-	2.5.-.-	2.5.1.-	2.5.1.6	C4FR26	S-adenosylmethionine synthase OS=Veillonella dispar ATCC 17748 OX=546273 GN=metK PE=3 SV=1	root (No rank) [1]	0.037879	43.022	5.436012268066406	1	1	jar:file:/C:/Data/mpa-portable-1.8.0/mpa-portable-1.8.0.jar!/de/mpa/resources/icons/webresource16.png	
2.-.-.-	2.5.-.-	2.5.1.-	2.5.1.6	L1PZM4	S-adenosylmethionine synthase OS=Veillonella atypica KON OX=1128111 GN=metK PE=3 SV=1	root (No rank) [1]	0.037879	43.365	5.458442687988281	1	1	jar:file:/C:/Data/mpa-portable-1.8.0/mpa-portable-1.8.0.jar!/de/mpa/resources/icons/webresource16.png	
2.-.-.-	2.5.-.-	2.5.1.-	2.5.1.6	W3Y558	S-adenosylmethionine synthase OS=Veillonella sp. AS16 OX=936589 GN=metK PE=3 SV=1	root (No rank) [1]	0.037879	43.365	5.527015686035156	1	1	jar:file:/C:/Data/mpa-portable-1.8.0/mpa-portable-1.8.0.jar!/de/mpa/resources/icons/webresource16.png	
2.-.-.-	2.5.-.-	2.5.1.-	2.5.1.78	U1QYW6	6,7-dimethyl-8-ribityllumazine synthase OS=Aggregatibacter sp. oral taxon 458 str. W10330 OX=1321772 GN=ribH PE=3 SV=1	root (No rank) [1]	0.076433	16.533	5.249519348144531	1	1	jar:file:/C:/Data/mpa-portable-1.8.0/mpa-portable-1.8.0.jar!/de/mpa/resources/icons/webresource16.png	
2.-.-.-	2.5.-.-	2.5.1.-	2.5.1.78	E6KY09	6,7-dimethyl-8-ribityllumazine synthase OS=Aggregatibacter segnis ATCC 33393 OX=888057 GN=ribH PE=3 SV=1	root (No rank) [1]	0.076433	16.485	5.461219787597656	1	1	jar:file:/C:/Data/mpa-portable-1.8.0/mpa-portable-1.8.0.jar!/de/mpa/resources/icons/webresource16.png	
2.-.-.-	2.1.-.-	2.1.1.-	2.1.1.13	D6LF05	Methionine synthase OS=Fusobacterium periodonticum 1_1_41FAA OX=469621 GN=HMPREF0400_00293 PE=4 SV=1	root (No rank) [1]	0.021277	120.712	5.301963806152344	1	1	jar:file:/C:/Data/mpa-portable-1.8.0/mpa-portable-1.8.0.jar!/de/mpa/resources/icons/webresource16.png	
2.-.-.-	2.6.-.-	2.6.1.-	2.6.1.42	A5TXU6	Branched-chain-amino-acid aminotransferase OS=Fusobacterium nucleatum subsp. polymorphum ATCC 10953 OX=393480 GN=ilvE2 PE=3 SV=1	Fusobacterium nucleatum subsp. polymorphum ATCC 10953 (Species) [393480]	0.042763	33.769	6.200569152832031	1	1	jar:file:/C:/Data/mpa-portable-1.8.0/mpa-portable-1.8.0.jar!/de/mpa/resources/icons/webresource16.png	
2.-.-.-	2.4.-.-	2.4.2.-	2.4.2.1	C8NEM6	Purine nucleoside phosphorylase DeoD-type OS=Granulicatella adiacens ATCC 49175 OX=638301 GN=deoD PE=3 SV=1	Granulicatella adiacens ATCC 49175 (Subspecies) [638301]	0.098291	25.83	5.657112121582031	1	1	jar:file:/C:/Data/mpa-portable-1.8.0/mpa-portable-1.8.0.jar!/de/mpa/resources/icons/webresource16.png	
4.-.-.-	4.2.-.-	4.2.1.-	4.2.1.11	P64081	Enolase OS=Streptococcus agalactiae serotype V (strain ATCC BAA-611 / 2603 V/R) OX=208435 GN=eno PE=3 SV=1	root (No rank) [1]	0.085057	47.102	4.631294250488281	2	5	jar:file:/C:/Data/mpa-portable-1.8.0/mpa-portable-1.8.0.jar!/de/mpa/resources/icons/webresource16.png	
4.-.-.-	4.2.-.-	4.2.1.-	4.2.1.11	A3CMA7	Enolase OS=Streptococcus sanguinis (strain SK36) OX=388919 GN=eno PE=3 SV=1	root (No rank) [1]	0.085253	47.001	4.716102600097656	2	5	jar:file:/C:/Data/mpa-portable-1.8.0/mpa-portable-1.8.0.jar!/de/mpa/resources/icons/webresource16.png	
4.-.-.-	4.2.-.-	4.2.1.-	4.2.1.11	Q8RP81	Enolase OS=Streptococcus agalactiae OX=1311 GN=eno PE=1 SV=1	root (No rank) [1]	0.084475	47.389	4.608329772949219	2	5	jar:file:/C:/Data/mpa-portable-1.8.0/mpa-portable-1.8.0.jar!/de/mpa/resources/icons/webresource16.png	
4.-.-.-	4.2.-.-	4.2.1.-	4.2.1.11	G5ITI7	Enolase OS=Enterococcus saccharolyticus 30_1 OX=742813 GN=eno PE=3 SV=1	root (No rank) [1]	0.04388	46.851	4.667289733886719	1	4	jar:file:/C:/Data/mpa-portable-1.8.0/mpa-portable-1.8.0.jar!/de/mpa/resources/icons/webresource16.png	
4.-.-.-	4.2.-.-	4.2.1.-	4.2.1.11	A8AY46	Enolase OS=Streptococcus gordonii (strain Challis / ATCC 35105 / BCRC 15272 / CH1 / DL1 / V288) OX=467705 GN=eno PE=3 SV=1	root (No rank) [1]	0.043779	47.033	4.710227966308594	1	4	jar:file:/C:/Data/mpa-portable-1.8.0/mpa-portable-1.8.0.jar!/de/mpa/resources/icons/webresource16.png	
4.-.-.-	4.2.-.-	4.2.1.-	4.2.1.11	S0JCK0	Enolase OS=Enterococcus saccharolyticus subsp. saccharolyticus ATCC 43076 OX=1139996 GN=eno PE=3 SV=1	root (No rank) [1]	0.04388	46.71	4.605445861816406	1	4	jar:file:/C:/Data/mpa-portable-1.8.0/mpa-portable-1.8.0.jar!/de/mpa/resources/icons/webresource16.png	
4.-.-.-	4.2.-.-	4.2.1.-	4.2.1.11	N0CBG6	Enolase OS=Streptococcus cristatus AS 1.3089 OX=1302863 GN=eno PE=3 SV=1	root (No rank) [1]	0.043779	46.871	4.662910461425781	1	4	jar:file:/C:/Data/mpa-portable-1.8.0/mpa-portable-1.8.0.jar!/de/mpa/resources/icons/webresource16.png	
4.-.-.-	4.2.-.-	4.2.1.-	4.2.1.11	D0RVQ2	Enolase OS=Streptococcus sp. 2_1_36FAA OX=469609 GN=eno PE=3 SV=1	root (No rank) [1]	0.043779	46.927	4.638130187988281	1	4	jar:file:/C:/Data/mpa-portable-1.8.0/mpa-portable-1.8.0.jar!/de/mpa/resources/icons/webresource16.png	
4.-.-.-	4.2.-.-	4.2.1.-	4.2.1.11	C5QQF0	Enolase OS=Staphylococcus caprae M23864:W1 OX=525378 GN=eno PE=3 SV=1	root (No rank) [1]	0.041475	47.136	4.547660827636719	1	1	jar:file:/C:/Data/mpa-portable-1.8.0/mpa-portable-1.8.0.jar!/de/mpa/resources/icons/webresource16.png	
4.-.-.-	4.2.-.-	4.2.1.-	4.2.1.11	C8NGI4	Enolase OS=Granulicatella adiacens ATCC 49175 OX=638301 GN=eno PE=3 SV=1	root (No rank) [1]	0.04157	46.858	4.625633239746094	1	1	jar:file:/C:/Data/mpa-portable-1.8.0/mpa-portable-1.8.0.jar!/de/mpa/resources/icons/webresource16.png	
4.-.-.-	4.2.-.-	4.2.1.-	4.2.1.11	D0BNZ7	Enolase OS=Granulicatella elegans ATCC 700633 OX=626369 GN=eno PE=3 SV=1	root (No rank) [1]	0.041667	46.64	4.645500183105469	1	1	jar:file:/C:/Data/mpa-portable-1.8.0/mpa-portable-1.8.0.jar!/de/mpa/resources/icons/webresource16.png	
4.-.-.-	4.2.-.-	4.2.1.-	4.2.1.11	B5E4P1	Enolase OS=Streptococcus pneumoniae serotype 19F (strain G54) OX=512566 GN=eno PE=3 SV=1	root (No rank) [1]	0.041475	47.074	4.694953918457031	1	1	jar:file:/C:/Data/mpa-portable-1.8.0/mpa-portable-1.8.0.jar!/de/mpa/resources/icons/webresource16.png	
4.-.-.-	4.2.-.-	4.2.1.-	4.2.1.11	F2C6N9	Enolase OS=Streptococcus sanguinis SK330 OX=888813 GN=eno PE=3 SV=1	root (No rank) [1]	0.041475	47.015	4.716102600097656	1	1	jar:file:/C:/Data/mpa-portable-1.8.0/mpa-portable-1.8.0.jar!/de/mpa/resources/icons/webresource16.png	
4.-.-.-	4.2.-.-	4.2.1.-	4.2.1.30	X8GRT9	Glycerol dehydratase, large subunit OS=Fusobacterium sp. CM22 OX=936563 GN=dhaB PE=4 SV=1	root (No rank) [1]	0.074007	60.453	4.997550964355469	2	3	jar:file:/C:/Data/mpa-portable-1.8.0/mpa-portable-1.8.0.jar!/de/mpa/resources/icons/webresource16.png	
4.-.-.-	4.2.-.-	4.2.1.-	4.2.1.30	X8IGC6	Glycerol dehydratase, large subunit OS=Fusobacterium sp. CM1 OX=936561 GN=dhaB PE=4 SV=1	root (No rank) [1]	0.074007	60.517	4.897789001464844	2	3	jar:file:/C:/Data/mpa-portable-1.8.0/mpa-portable-1.8.0.jar!/de/mpa/resources/icons/webresource16.png	
4.-.-.-	4.2.-.-	4.2.1.-	4.2.1.55	D4CYJ9	3-hydroxybutyryl-CoA dehydratase OS=Fusobacterium periodonticum ATCC 33693 OX=546275 GN=crt PE=3 SV=1	root (No rank) [1]	0.054264	27.836	5.711479187011719	1	2	jar:file:/C:/Data/mpa-portable-1.8.0/mpa-portable-1.8.0.jar!/de/mpa/resources/icons/webresource16.png	
4.-.-.-	4.2.-.-	4.2.1.-	4.2.1.2	D4S4N5	Hydrolyase, tartrate alpha subunit/fumarate domain protein, Fe-S type OS=Selenomonas noxia ATCC 43541 OX=585503 GN=fumB2 PE=4 SV=1	Veillonellaceae (Family) [31977]	0.039286	30.273	5.459510803222656	1	1	jar:file:/C:/Data/mpa-portable-1.8.0/mpa-portable-1.8.0.jar!/de/mpa/resources/icons/webresource16.png	
4.-.-.-	4.2.-.-	4.2.1.-	4.2.1.2	F5RLG4	Fumarate hydratase OS=Centipeda periodontii DSM 2778 OX=888060 GN=fumA PE=4 SV=1	Veillonellaceae (Family) [31977]	0.039286	30.201	5.469764709472656	1	1	jar:file:/C:/Data/mpa-portable-1.8.0/mpa-portable-1.8.0.jar!/de/mpa/resources/icons/webresource16.png	
4.-.-.-	4.2.-.-	4.2.1.-	4.2.1.136	C0DTR3	ADP-dependent (S)-NAD(P)H-hydrate dehydratase OS=Eikenella corrodens ATCC 23834 OX=546274 GN=nnrD PE=3 SV=1	root (No rank) [1]	0.05802	30.564	5.665229797363281	1	1	jar:file:/C:/Data/mpa-portable-1.8.0/mpa-portable-1.8.0.jar!/de/mpa/resources/icons/webresource16.png	
4.-.-.-	4.2.-.-	4.2.1.-	Q7P5V1	(R)-2-hydroxyglutaryl-CoA dehydratase beta-subunit OS=Fusobacterium nucleatum subsp. vincentii ATCC 49256 OX=209882 GN=FNV1343 PE=4 SV=1	Fusobacterium (Genus) [848]	0.036649	43.865	5.272804260253906	1	2	jar:file:/C:/Data/mpa-portable-1.8.0/mpa-portable-1.8.0.jar!/de/mpa/resources/icons/webresource16.png	
4.-.-.-	4.2.-.-	4.2.1.-	X8IF00	2-hydroxyglutaryl-CoA dehydratase, D-component OS=Fusobacterium sp. CM1 OX=936561 GN=HMPREF1498_1770 PE=4 SV=1	Fusobacterium (Genus) [848]	0.036649	43.801	5.133201599121094	1	2	jar:file:/C:/Data/mpa-portable-1.8.0/mpa-portable-1.8.0.jar!/de/mpa/resources/icons/webresource16.png	
4.-.-.-	4.1.-.-	4.1.1.-	4.1.1.49	H0KFW8	Phosphoenolpyruvate carboxykinase (ATP) OS=Aggregatibacter actinomycetemcomitans RhAA1 OX=1089447 GN=pckA PE=3 SV=1	root (No rank) [1]	0.066914	59.064	5.506935119628906	2	6	jar:file:/C:/Data/mpa-portable-1.8.0/mpa-portable-1.8.0.jar!/de/mpa/resources/icons/webresource16.png	
4.-.-.-	4.1.-.-	4.1.1.-	4.1.1.49	E6KZQ3	Phosphoenolpyruvate carboxykinase (ATP) OS=Aggregatibacter segnis ATCC 33393 OX=888057 GN=pckA PE=3 SV=1	root (No rank) [1]	0.066914	58.963	5.514411926269531	2	6	jar:file:/C:/Data/mpa-portable-1.8.0/mpa-portable-1.8.0.jar!/de/mpa/resources/icons/webresource16.png	
4.-.-.-	4.1.-.-	4.1.1.-	4.1.1.49	F9Q8K8	Phosphoenolpyruvate carboxykinase (ATP) OS=Haemophilus pittmaniae HK 85 OX=1035188 GN=pckA PE=3 SV=1	root (No rank) [1]	0.066914	59.401	5.260520935058594	2	6	jar:file:/C:/Data/mpa-portable-1.8.0/mpa-portable-1.8.0.jar!/de/mpa/resources/icons/webresource16.png	
4.-.-.-	4.1.-.-	4.1.1.-	4.1.1.49	E1W293	Phosphoenolpyruvate carboxykinase (ATP) OS=Haemophilus parainfluenzae (strain T3T1) OX=862965 GN=pckA PE=3 SV=1	root (No rank) [1]	0.066914	59.238	5.371925354003906	2	6	jar:file:/C:/Data/mpa-portable-1.8.0/mpa-portable-1.8.0.jar!/de/mpa/resources/icons/webresource16.png	
4.-.-.-	4.1.-.-	4.1.1.-	4.1.1.49	F0ER49	Phosphoenolpyruvate carboxykinase (ATP) OS=Haemophilus parainfluenzae ATCC 33392 OX=888828 GN=pckA PE=3 SV=1	root (No rank) [1]	0.066914	59.151	5.688621520996094	2	6	jar:file:/C:/Data/mpa-portable-1.8.0/mpa-portable-1.8.0.jar!/de/mpa/resources/icons/webresource16.png	
4.-.-.-	4.1.-.-	4.1.1.-	4.1.1.49	U1QLQ9	Phosphoenolpyruvate carboxykinase (ATP) OS=Aggregatibacter sp. oral taxon 458 str. W10330 OX=1321772 GN=pckA PE=3 SV=1	root (No rank) [1]	0.066914	58.963	5.439750671386719	2	6	jar:file:/C:/Data/mpa-portable-1.8.0/mpa-portable-1.8.0.jar!/de/mpa/resources/icons/webresource16.png	
4.-.-.-	4.1.-.-	4.1.1.-	4.1.1.49	X2JNA9	Phosphoenolpyruvate carboxykinase (ATP) OS=Aggregatibacter actinomycetemcomitans HK1651 OX=272556 GN=pckA PE=3 SV=1	root (No rank) [1]	0.031599	59.069	5.438682556152344	1	4	jar:file:/C:/Data/mpa-portable-1.8.0/mpa-portable-1.8.0.jar!/de/mpa/resources/icons/webresource16.png	
4.-.-.-	4.1.-.-	4.1.1.-	4.1.1.49	C9R2Q5	Phosphoenolpyruvate carboxykinase (ATP) OS=Aggregatibacter actinomycetemcomitans serotype C (strain D11S-1) OX=668336 GN=pckA PE=3 SV=1	root (No rank) [1]	0.031599	59.068	5.513450622558594	1	4	jar:file:/C:/Data/mpa-portable-1.8.0/mpa-portable-1.8.0.jar!/de/mpa/resources/icons/webresource16.png	
4.-.-.-	4.1.-.-	4.1.1.-	4.1.1.49	Q4QM91	Phosphoenolpyruvate carboxykinase (ATP) OS=Haemophilus influenzae (strain 86-028NP) OX=281310 GN=pckA PE=3 SV=1	root (No rank) [1]	0.035316	59.408	5.367012023925781	1	2	jar:file:/C:/Data/mpa-portable-1.8.0/mpa-portable-1.8.0.jar!/de/mpa/resources/icons/webresource16.png	
4.-.-.-	4.1.-.-	4.1.1.-	4.1.1.49	F9GRH2	Phosphoenolpyruvate carboxykinase (ATP) OS=Haemophilus haemolyticus M19501 OX=1028803 GN=pckA PE=3 SV=1	root (No rank) [1]	0.035316	59.371	5.386878967285156	1	2	jar:file:/C:/Data/mpa-portable-1.8.0/mpa-portable-1.8.0.jar!/de/mpa/resources/icons/webresource16.png	
4.-.-.-	4.1.-.-	4.1.1.-	4.1.1.3	X8H5G7	Oxaloacetate decarboxylase gamma chain OS=Fusobacterium sp. CM22 OX=936563 GN=HMPREF1500_1272 PE=3 SV=1	Fusobacterium (Genus) [848]	0.12037	12.034	4.437004089355469	1	5	jar:file:/C:/Data/mpa-portable-1.8.0/mpa-portable-1.8.0.jar!/de/mpa/resources/icons/webresource16.png	
4.-.-.-	4.1.-.-	4.1.99.-	4.1.99.2	Q8RHM6	Tyrosine phenol-lyase OS=Fusobacterium nucleatum subsp. nucleatum (strain ATCC 25586 / CIP 101130 / JCM 8532 / LMG 13131) OX=190304 GN=tpl PE=3 SV=1	Fusobacterium nucleatum (Species) [851]	0.043478	52.123	6.526985168457031	1	2	jar:file:/C:/Data/mpa-portable-1.8.0/mpa-portable-1.8.0.jar!/de/mpa/resources/icons/webresource16.png	
4.-.-.-	4.1.-.-	4.1.99.-	4.1.99.2	F9EJE5	Tyrosine phenol-lyase OS=Fusobacterium nucleatum subsp. animalis ATCC 51191 OX=997347 GN=tpl PE=3 SV=1	Fusobacterium nucleatum (Species) [851]	0.042017	53.976	6.423057556152344	1	2	jar:file:/C:/Data/mpa-portable-1.8.0/mpa-portable-1.8.0.jar!/de/mpa/resources/icons/webresource16.png	
4.-.-.-	4.1.-.-	4.1.99.-	4.1.99.2	C3J7N8	Tyrosine phenol-lyase OS=Porphyromonas endodontalis (strain ATCC 35406 / BCRC 14492 / JCM 8526 / NCTC 13058 / HG 370) OX=553175 GN=tpl PE=3 SV=1	root (No rank) [1]	0.043478	52.239	6.175148010253906	1	2	jar:file:/C:/Data/mpa-portable-1.8.0/mpa-portable-1.8.0.jar!/de/mpa/resources/icons/webresource16.png	
4.-.-.-	4.1.-.-	4.1.99.-	4.1.99.2	J8VLZ4	Tyrosine phenol-lyase OS=Fusobacterium hwasookii ChDC F128 OX=1216362 GN=tpl PE=3 SV=1	Fusobacterium nucleatum (Species) [851]	0.043478	52.181	6.389945983886719	1	2	jar:file:/C:/Data/mpa-portable-1.8.0/mpa-portable-1.8.0.jar!/de/mpa/resources/icons/webresource16.png	
4.-.-.-	4.1.-.-	4.1.99.-	4.1.99.2	D5RDF5	Tyrosine phenol-lyase OS=Fusobacterium nucleatum subsp. nucleatum (strain ATCC 23726 / VPI 4351) OX=525283 GN=tpl PE=3 SV=1	Fusobacterium nucleatum (Species) [851]	0.043478	52.137	6.526985168457031	1	2	jar:file:/C:/Data/mpa-portable-1.8.0/mpa-portable-1.8.0.jar!/de/mpa/resources/icons/webresource16.png	
4.-.-.-	4.1.-.-	4.1.99.-	4.1.99.2	X7RV37	Tyrosine phenol-lyase OS=Fusobacterium nucleatum 13_3C OX=1357398 GN=tpl PE=3 SV=1	Fusobacterium nucleatum (Species) [851]	0.043478	52.068	6.388450622558594	1	2	jar:file:/C:/Data/mpa-portable-1.8.0/mpa-portable-1.8.0.jar!/de/mpa/resources/icons/webresource16.png	
4.-.-.-	4.1.-.-	4.1.99.-	4.1.99.2	U7SLR0	Tyrosine phenol-lyase OS=Fusobacterium nucleatum CTI-5 OX=1316586 GN=tpl PE=3 SV=1	Fusobacterium nucleatum (Species) [851]	0.043478	52.078	6.268074035644531	1	2	jar:file:/C:/Data/mpa-portable-1.8.0/mpa-portable-1.8.0.jar!/de/mpa/resources/icons/webresource16.png	
4.-.-.-	4.4.-.-	4.4.1.-	4.4.1.11	D4CT53	Methionine gamma-lyase OS=Fusobacterium periodonticum ATCC 33693 OX=546275 GN=megL PE=3 SV=1	root (No rank) [1]	0.043038	43.143	5.916770935058594	1	3	jar:file:/C:/Data/mpa-portable-1.8.0/mpa-portable-1.8.0.jar!/de/mpa/resources/icons/webresource16.png	
4.-.-.-	4.4.-.-	4.4.1.-	4.4.1.11	X8HIJ3	Methionine gamma-lyase OS=Fusobacterium sp. CM22 OX=936563 GN=megL PE=3 SV=1	root (No rank) [1]	0.043038	43.303	6.084678649902344	1	3	jar:file:/C:/Data/mpa-portable-1.8.0/mpa-portable-1.8.0.jar!/de/mpa/resources/icons/webresource16.png	
4.-.-.-	4.4.-.-	4.4.1.-	4.4.1.11	J8VH82	Methionine gamma-lyase OS=Fusobacterium hwasookii ChDC F128 OX=1216362 GN=B437_10887 PE=3 SV=1	root (No rank) [1]	0.043038	43.15	6.084571838378906	1	3	jar:file:/C:/Data/mpa-portable-1.8.0/mpa-portable-1.8.0.jar!/de/mpa/resources/icons/webresource16.png	
4.-.-.-	4.4.-.-	4.4.1.-	4.4.1.11	Q8L0X4	L-methionine gamma-lyase OS=Fusobacterium nucleatum subsp. polymorphum OX=76857 GN=mgl PE=1 SV=1	root (No rank) [1]	0.043038	43.26	6.327140808105469	1	3	jar:file:/C:/Data/mpa-portable-1.8.0/mpa-portable-1.8.0.jar!/de/mpa/resources/icons/webresource16.png	
4.-.-.-	4.4.-.-	4.4.1.-	4.4.1.2	Q8L0X4	L-methionine gamma-lyase OS=Fusobacterium nucleatum subsp. polymorphum OX=76857 GN=mgl PE=1 SV=1	root (No rank) [1]	0.043038	43.26	6.327140808105469	1	3	jar:file:/C:/Data/mpa-portable-1.8.0/mpa-portable-1.8.0.jar!/de/mpa/resources/icons/webresource16.png	
4.-.-.-	4.3.-.-	4.3.1.-	4.3.1.7	D5RF38	Ethanolamine ammonia-lyase, large subunit OS=Fusobacterium nucleatum subsp. nucleatum (strain ATCC 23726 / VPI 4351) OX=525283 GN=eutB PE=4 SV=1	root (No rank) [1]	0.032483	47.46	5.094108581542969	1	2	jar:file:/C:/Data/mpa-portable-1.8.0/mpa-portable-1.8.0.jar!/de/mpa/resources/icons/webresource16.png	
4.-.-.-	4.3.-.-	4.3.1.-	4.3.1.7	Q8RH36	Ethanolamine ammonia-lyase heavy chain OS=Fusobacterium nucleatum subsp. nucleatum (strain ATCC 25586 / CIP 101130 / JCM 8532 / LMG 13131) OX=190304 GN=FN0079 PE=4 SV=1	root (No rank) [1]	0.030769	50.215	5.026924133300781	1	2	jar:file:/C:/Data/mpa-portable-1.8.0/mpa-portable-1.8.0.jar!/de/mpa/resources/icons/webresource16.png	
4.-.-.-	4.3.-.-	4.3.1.-	4.3.1.7	X8HGM1	Ethanolamine ammonia-lyase, large subunit OS=Fusobacterium sp. CM22 OX=936563 GN=eutB PE=4 SV=1	root (No rank) [1]	0.030769	50.228	5.109703063964844	1	2	jar:file:/C:/Data/mpa-portable-1.8.0/mpa-portable-1.8.0.jar!/de/mpa/resources/icons/webresource16.png	
3.-.-.-	3.6.-.-	3.6.5.-	3.6.5.3	D1YM94	Translation elongation factor Tu (Fragment) OS=Veillonella parvula ATCC 17745 OX=686660 GN=HMPREF1035_0001 PE=4 SV=1	root (No rank) [1]	0.082927	22.498	4.789161682128906	1	5	jar:file:/C:/Data/mpa-portable-1.8.0/mpa-portable-1.8.0.jar!/de/mpa/resources/icons/webresource16.png	
3.-.-.-	3.6.-.-	3.6.5.-	D0RU71	GTPase Obg OS=Streptococcus sp. 2_1_36FAA OX=469609 GN=obg PE=3 SV=1	root (No rank) [1]	0.036697	47.996	5.017311096191406	1	1	jar:file:/C:/Data/mpa-portable-1.8.0/mpa-portable-1.8.0.jar!/de/mpa/resources/icons/webresource16.png	
3.-.-.-	3.6.-.-	3.6.5.-	A3CM33	GTPase Obg OS=Streptococcus sanguinis (strain SK36) OX=388919 GN=obg PE=3 SV=1	root (No rank) [1]	0.036697	48.028	4.943717956542969	1	1	jar:file:/C:/Data/mpa-portable-1.8.0/mpa-portable-1.8.0.jar!/de/mpa/resources/icons/webresource16.png	
3.-.-.-	3.6.-.-	3.6.5.-	F9E1E7	GTPase Obg OS=Streptococcus sanguinis ATCC 29667 OX=997356 GN=obg PE=3 SV=1	root (No rank) [1]	0.036697	48.027	4.979393005371094	1	1	jar:file:/C:/Data/mpa-portable-1.8.0/mpa-portable-1.8.0.jar!/de/mpa/resources/icons/webresource16.png	
3.-.-.-	3.6.-.-	3.6.1.-	3.6.1.66	X8GQI2	Multifunctional fusion protein OS=Fusobacterium sp. CM22 OX=936563 GN=rph PE=3 SV=1	Fusobacterium sp. CM22 (Species) [936563]	0.034483	48.357	5.218116760253906	1	4	jar:file:/C:/Data/mpa-portable-1.8.0/mpa-portable-1.8.0.jar!/de/mpa/resources/icons/webresource16.png	
3.-.-.-	3.6.-.-	3.6.1.-	3.6.1.66	U1R2S3	dITP/XTP pyrophosphatase OS=Aggregatibacter sp. oral taxon 458 str. W10330 OX=1321772 GN=HMPREF9065_00640 PE=3 SV=1	Aggregatibacter sp. oral taxon 458 str. W10330 (Subspecies) [1321772]	0.065327	21.172	4.780830383300781	1	1	jar:file:/C:/Data/mpa-portable-1.8.0/mpa-portable-1.8.0.jar!/de/mpa/resources/icons/webresource16.png	
3.-.-.-	3.6.-.-	3.6.3.-	3.6.3.14	C7XPR7	ATP synthase subunit beta OS=Fusobacterium nucleatum subsp. vincentii 3_1_36A2 OX=469604 GN=atpD PE=3 SV=1	root (No rank) [1]	0.080087	50.202	4.886253356933594	1	2	jar:file:/C:/Data/mpa-portable-1.8.0/mpa-portable-1.8.0.jar!/de/mpa/resources/icons/webresource16.png	
3.-.-.-	3.6.-.-	3.6.3.-	3.6.3.14	H1PY35	ATP synthase subunit beta OS=Fusobacterium ulcerans 12-1B OX=457404 GN=atpD PE=3 SV=1	root (No rank) [1]	0.079399	50.577	4.799095153808594	1	2	jar:file:/C:/Data/mpa-portable-1.8.0/mpa-portable-1.8.0.jar!/de/mpa/resources/icons/webresource16.png	
3.-.-.-	3.6.-.-	3.6.3.-	3.6.3.14	D6LHA2	ATP synthase subunit beta OS=Fusobacterium periodonticum 1_1_41FAA OX=469621 GN=atpD PE=3 SV=1	root (No rank) [1]	0.080087	50.267	4.886253356933594	1	2	jar:file:/C:/Data/mpa-portable-1.8.0/mpa-portable-1.8.0.jar!/de/mpa/resources/icons/webresource16.png	
3.-.-.-	3.6.-.-	3.6.3.-	3.6.3.14	C3WEY3	ATP synthase subunit beta OS=Fusobacterium mortiferum ATCC 9817 OX=469616 GN=atpD PE=3 SV=1	root (No rank) [1]	0.079399	50.655	4.788414001464844	1	2	jar:file:/C:/Data/mpa-portable-1.8.0/mpa-portable-1.8.0.jar!/de/mpa/resources/icons/webresource16.png	
3.-.-.-	3.6.-.-	3.6.3.-	3.6.3.14	E1L6C6	ATP synthase subunit beta OS=Veillonella atypica ACS-049-V-Sch6 OX=866776 GN=atpD PE=3 SV=1	Veillonella (Genus) [29465]	0.078059	51.605	4.991996765136719	1	2	jar:file:/C:/Data/mpa-portable-1.8.0/mpa-portable-1.8.0.jar!/de/mpa/resources/icons/webresource16.png	
3.-.-.-	3.6.-.-	3.6.3.-	3.6.3.14	E4LFG8	ATP synthase subunit beta OS=Veillonella sp. oral taxon 158 str. F0412 OX=879309 GN=atpD PE=3 SV=1	Veillonella (Genus) [29465]	0.078059	51.697	5.001182556152344	1	2	jar:file:/C:/Data/mpa-portable-1.8.0/mpa-portable-1.8.0.jar!/de/mpa/resources/icons/webresource16.png	
3.-.-.-	3.6.-.-	3.6.3.-	3.6.3.14	W1W8S7	ATP synthase subunit beta OS=Veillonella sp. DORA_A_3_16_22 OX=1403932 GN=atpD PE=3 SV=1	Veillonella (Genus) [29465]	0.078059	51.619	4.958885192871094	1	2	jar:file:/C:/Data/mpa-portable-1.8.0/mpa-portable-1.8.0.jar!/de/mpa/resources/icons/webresource16.png	
3.-.-.-	3.6.-.-	3.6.3.-	3.6.3.14	W3Y3C9	ATP synthase subunit beta OS=Veillonella sp. AS16 OX=936589 GN=atpD PE=3 SV=1	Veillonella (Genus) [29465]	0.078059	51.62	5.030128479003906	1	2	jar:file:/C:/Data/mpa-portable-1.8.0/mpa-portable-1.8.0.jar!/de/mpa/resources/icons/webresource16.png	
3.-.-.-	3.6.-.-	3.6.3.-	3.6.3.14	J4RNN1	ATP synthase subunit beta OS=Veillonella sp. ACP1 OX=936588 GN=atpD PE=3 SV=1	Veillonella (Genus) [29465]	0.078059	51.601	4.991996765136719	1	2	jar:file:/C:/Data/mpa-portable-1.8.0/mpa-portable-1.8.0.jar!/de/mpa/resources/icons/webresource16.png	
3.-.-.-	3.6.-.-	3.6.3.-	3.6.3.14	D1BPA1	ATP synthase subunit beta OS=Veillonella parvula (strain ATCC 10790 / DSM 2008 / JCM 12972 / Te3) OX=479436 GN=atpD PE=3 SV=1	Veillonella (Genus) [29465]	0.078059	51.68	5.039741516113281	1	2	jar:file:/C:/Data/mpa-portable-1.8.0/mpa-portable-1.8.0.jar!/de/mpa/resources/icons/webresource16.png	
3.-.-.-	3.6.-.-	3.6.3.-	3.6.3.14	F9N4N9	ATP synthase subunit beta OS=Veillonella sp. oral taxon 780 str. F0422 OX=944564 GN=atpD PE=3 SV=1	Veillonella (Genus) [29465]	0.07839	50.846	4.884010314941406	1	2	jar:file:/C:/Data/mpa-portable-1.8.0/mpa-portable-1.8.0.jar!/de/mpa/resources/icons/webresource16.png	
3.-.-.-	3.6.-.-	3.6.3.-	3.6.3.14	D6KQH1	ATP synthase subunit beta OS=Veillonella sp. 6_1_27 OX=450749 GN=atpD PE=3 SV=1	Veillonella (Genus) [29465]	0.078059	51.666	5.039741516113281	1	2	jar:file:/C:/Data/mpa-portable-1.8.0/mpa-portable-1.8.0.jar!/de/mpa/resources/icons/webresource16.png	
3.-.-.-	3.6.-.-	3.6.3.-	3.6.3.14	D6GTR0	ATP synthase subunit beta OS=Filifactor alocis (strain ATCC 35896 / D40 B5) OX=546269 GN=atpD PE=3 SV=1	root (No rank) [1]	0.04086	50.515	4.851325988769531	1	1	jar:file:/C:/Data/mpa-portable-1.8.0/mpa-portable-1.8.0.jar!/de/mpa/resources/icons/webresource16.png	
3.-.-.-	3.6.-.-	3.6.3.-	3.6.3.14	E6L0J9	ATP synthase subunit beta OS=Aggregatibacter segnis ATCC 33393 OX=888057 GN=atpD PE=3 SV=1	root (No rank) [1]	0.041575	49.811	4.914558410644531	1	1	jar:file:/C:/Data/mpa-portable-1.8.0/mpa-portable-1.8.0.jar!/de/mpa/resources/icons/webresource16.png	
3.-.-.-	3.6.-.-	3.6.3.-	3.6.3.14	A5UGY9	ATP synthase subunit beta OS=Haemophilus influenzae (strain PittGG) OX=374931 GN=atpD PE=3 SV=1	root (No rank) [1]	0.041575	49.786	4.963905334472656	1	1	jar:file:/C:/Data/mpa-portable-1.8.0/mpa-portable-1.8.0.jar!/de/mpa/resources/icons/webresource16.png	
3.-.-.-	3.6.-.-	3.6.3.-	3.6.3.14	F9H6W4	ATP synthase subunit beta OS=Haemophilus haemolyticus M21639 OX=1028806 GN=atpD PE=3 SV=1	root (No rank) [1]	0.041575	49.81	4.958244323730469	1	1	jar:file:/C:/Data/mpa-portable-1.8.0/mpa-portable-1.8.0.jar!/de/mpa/resources/icons/webresource16.png	
3.-.-.-	3.6.-.-	3.6.3.-	3.6.3.14	E1W2U2	ATP synthase subunit beta OS=Haemophilus parainfluenzae (strain T3T1) OX=862965 GN=atpD PE=3 SV=1	root (No rank) [1]	0.041575	49.699	4.993919372558594	1	1	jar:file:/C:/Data/mpa-portable-1.8.0/mpa-portable-1.8.0.jar!/de/mpa/resources/icons/webresource16.png	
3.-.-.-	3.6.-.-	3.6.3.-	3.6.3.14	F9Q8E3	ATP synthase subunit beta OS=Haemophilus pittmaniae HK 85 OX=1035188 GN=atpD PE=3 SV=1	root (No rank) [1]	0.041575	49.72	4.920219421386719	1	1	jar:file:/C:/Data/mpa-portable-1.8.0/mpa-portable-1.8.0.jar!/de/mpa/resources/icons/webresource16.png	
3.-.-.-	3.6.-.-	3.6.3.-	3.6.3.14	E7A751	ATP synthase subunit beta OS=Haemophilus influenzae F3031 OX=866630 GN=atpD PE=3 SV=1	root (No rank) [1]	0.041575	49.82	4.958244323730469	1	1	jar:file:/C:/Data/mpa-portable-1.8.0/mpa-portable-1.8.0.jar!/de/mpa/resources/icons/webresource16.png	
3.-.-.-	3.6.-.-	3.6.3.-	3.6.3.14	F9H168	ATP synthase subunit beta OS=Haemophilus haemolyticus M21621 OX=1028805 GN=atpD PE=3 SV=1	root (No rank) [1]	0.041575	49.796	4.914558410644531	1	1	jar:file:/C:/Data/mpa-portable-1.8.0/mpa-portable-1.8.0.jar!/de/mpa/resources/icons/webresource16.png	
3.-.-.-	3.6.-.-	3.6.3.-	3.6.3.14	P43715	ATP synthase subunit beta OS=Haemophilus influenzae (strain ATCC 51907 / DSM 11121 / KW20 / Rd) OX=71421 GN=atpD PE=3 SV=2	root (No rank) [1]	0.041575	49.804	4.958244323730469	1	1	jar:file:/C:/Data/mpa-portable-1.8.0/mpa-portable-1.8.0.jar!/de/mpa/resources/icons/webresource16.png	
3.-.-.-	3.6.-.-	3.6.3.-	3.6.3.14	F0EQT3	ATP synthase subunit beta OS=Haemophilus parainfluenzae ATCC 33392 OX=888828 GN=atpD PE=3 SV=1	root (No rank) [1]	0.041575	49.729	4.953330993652344	1	1	jar:file:/C:/Data/mpa-portable-1.8.0/mpa-portable-1.8.0.jar!/de/mpa/resources/icons/webresource16.png	
3.-.-.-	3.6.-.-	3.6.3.-	3.6.3.14	U1R4E0	ATP synthase subunit beta OS=Aggregatibacter sp. oral taxon 458 str. W10330 OX=1321772 GN=atpD PE=3 SV=1	root (No rank) [1]	0.041575	49.767	4.953330993652344	1	1	jar:file:/C:/Data/mpa-portable-1.8.0/mpa-portable-1.8.0.jar!/de/mpa/resources/icons/webresource16.png	
3.-.-.-	3.4.-.-	3.4.21.-	3.4.21.92	F9N4P8	ATP-dependent Clp protease proteolytic subunit OS=Veillonella sp. oral taxon 780 str. F0422 OX=944564 GN=clpP PE=3 SV=1	root (No rank) [1]	0.110553	21.836	4.980674743652344	1	2	jar:file:/C:/Data/mpa-portable-1.8.0/mpa-portable-1.8.0.jar!/de/mpa/resources/icons/webresource16.png	
3.-.-.-	3.4.-.-	3.4.21.-	3.4.21.92	D1BNI1	ATP-dependent Clp protease proteolytic subunit OS=Veillonella parvula (strain ATCC 10790 / DSM 2008 / JCM 12972 / Te3) OX=479436 GN=clpP PE=3 SV=1	root (No rank) [1]	0.111675	21.626	4.775810241699219	1	2	jar:file:/C:/Data/mpa-portable-1.8.0/mpa-portable-1.8.0.jar!/de/mpa/resources/icons/webresource16.png	
3.-.-.-	3.4.-.-	3.4.21.-	3.4.21.92	D6KNU7	ATP-dependent Clp protease proteolytic subunit OS=Veillonella sp. 6_1_27 OX=450749 GN=clpP PE=3 SV=1	root (No rank) [1]	0.111675	21.636	4.775810241699219	1	2	jar:file:/C:/Data/mpa-portable-1.8.0/mpa-portable-1.8.0.jar!/de/mpa/resources/icons/webresource16.png	
3.-.-.-	3.4.-.-	3.4.21.-	3.4.21.53	A5TS37	Lon protease OS=Fusobacterium nucleatum subsp. polymorphum ATCC 10953 OX=393480 GN=lon PE=2 SV=1	root (No rank) [1]	0.028646	86.216	7.983039855957031	1	1	jar:file:/C:/Data/mpa-portable-1.8.0/mpa-portable-1.8.0.jar!/de/mpa/resources/icons/webresource16.png	
3.-.-.-	3.4.-.-	3.4.21.-	3.4.21.53	U7TCG7	Lon protease OS=Fusobacterium nucleatum CTI-1 OX=1204474 GN=lon PE=2 SV=1	root (No rank) [1]	0.028646	86.159	8.537391662597656	1	1	jar:file:/C:/Data/mpa-portable-1.8.0/mpa-portable-1.8.0.jar!/de/mpa/resources/icons/webresource16.png	
3.-.-.-	3.4.-.-	3.4.21.-	A5TY62	AT family autotransporter OS=Fusobacterium nucleatum subsp. polymorphum ATCC 10953 OX=393480 GN=FNP_2077 PE=4 SV=1	Fusobacterium (Genus) [848]	0.013121	115.895	9.124107360839844	1	2	jar:file:/C:/Data/mpa-portable-1.8.0/mpa-portable-1.8.0.jar!/de/mpa/resources/icons/webresource16.png	
3.-.-.-	3.4.-.-	3.4.21.-	Q7P2L3	SERINE PROTEASE OS=Fusobacterium nucleatum subsp. vincentii ATCC 49256 OX=209882 GN=FNV0835 PE=4 SV=1	Fusobacterium (Genus) [848]	0.01407	108.492	6.112449645996094	1	2	jar:file:/C:/Data/mpa-portable-1.8.0/mpa-portable-1.8.0.jar!/de/mpa/resources/icons/webresource16.png	
3.-.-.-	3.4.-.-	3.4.21.-	X8HXV1	Peptidase, S8/S53 family OS=Fusobacterium sp. OBRC1 OX=1032505 GN=HMPREF1501_0046 PE=4 SV=1	Fusobacterium (Genus) [848]	0.013023	116.596	5.761039733886719	1	2	jar:file:/C:/Data/mpa-portable-1.8.0/mpa-portable-1.8.0.jar!/de/mpa/resources/icons/webresource16.png	
3.-.-.-	3.4.-.-	3.4.24.-	E8KLH7	Oligoendopeptidase F OS=Streptococcus sanguinis VMC66 OX=888825 GN=pepF PE=3 SV=1	Streptococcus sanguinis VMC66 (Subspecies) [888825]	0.033445	68.52	4.697624206542969	1	1	jar:file:/C:/Data/mpa-portable-1.8.0/mpa-portable-1.8.0.jar!/de/mpa/resources/icons/webresource16.png	
3.-.-.-	3.1.-.-	3.1.4.-	3.1.4.46	V9THW6	Protein D (Fragment) OS=Haemophilus haemolyticus OX=726 GN=hpd PE=4 SV=1	root (No rank) [1]	0.131944	16.957	5.438148498535156	1	1	jar:file:/C:/Data/mpa-portable-1.8.0/mpa-portable-1.8.0.jar!/de/mpa/resources/icons/webresource16.png	
1.-.-.-	1.16.-.-	1.16.3.-	D1VXW7	Ferritin OS=Prevotella timonensis CRIS 5C-B1 OX=679189 GN=ftnA PE=3 SV=1	root (No rank) [1]	0.09375	18.42	4.841392517089844	1	3	jar:file:/C:/Data/mpa-portable-1.8.0/mpa-portable-1.8.0.jar!/de/mpa/resources/icons/webresource16.png	
1.-.-.-	1.16.-.-	1.16.3.-	D1W5W4	Ferritin OS=Prevotella buccalis ATCC 35310 OX=679190 GN=ftnA PE=3 SV=1	root (No rank) [1]	0.093168	18.692	4.763420104980469	1	3	jar:file:/C:/Data/mpa-portable-1.8.0/mpa-portable-1.8.0.jar!/de/mpa/resources/icons/webresource16.png	
1.-.-.-	1.16.-.-	1.16.3.-	C9R4H6	Ferritin OS=Aggregatibacter actinomycetemcomitans serotype C (strain D11S-1) OX=668336 GN=D11S_1330 PE=3 SV=1	root (No rank) [1]	0.086957	18.717	5.146125793457031	1	2	jar:file:/C:/Data/mpa-portable-1.8.0/mpa-portable-1.8.0.jar!/de/mpa/resources/icons/webresource16.png	
1.-.-.-	1.16.-.-	1.16.3.-	E6KXN9	Ferritin OS=Aggregatibacter segnis ATCC 33393 OX=888057 GN=ftnA PE=3 SV=1	root (No rank) [1]	0.086957	18.701	5.044868469238281	1	2	jar:file:/C:/Data/mpa-portable-1.8.0/mpa-portable-1.8.0.jar!/de/mpa/resources/icons/webresource16.png	
1.-.-.-	1.2.-.-	1.2.7.-	C4FNM7	Pyruvate-flavodoxin oxidoreductase OS=Veillonella dispar ATCC 17748 OX=546273 GN=nifJ PE=3 SV=1	Veillonella (Genus) [29465]	0.044992	128.201	5.533958435058594	2	2	jar:file:/C:/Data/mpa-portable-1.8.0/mpa-portable-1.8.0.jar!/de/mpa/resources/icons/webresource16.png	
1.-.-.-	1.2.-.-	1.2.7.-	T0U5R3	Pyruvate-flavodoxin oxidoreductase OS=Veillonella parvula HSIVP1 OX=1316254 GN=HSIVP1_1352 PE=3 SV=1	Veillonella (Genus) [29465]	0.024618	128.318	5.528297424316406	1	1	jar:file:/C:/Data/mpa-portable-1.8.0/mpa-portable-1.8.0.jar!/de/mpa/resources/icons/webresource16.png	
1.-.-.-	1.2.-.-	1.2.7.-	D6KKD6	Pyruvate-flavodoxin oxidoreductase OS=Veillonella sp. 3_1_44 OX=457416 GN=HMPREF0873_01250 PE=3 SV=1	Veillonella (Genus) [29465]	0.024618	128.274	5.528297424316406	1	1	jar:file:/C:/Data/mpa-portable-1.8.0/mpa-portable-1.8.0.jar!/de/mpa/resources/icons/webresource16.png	
1.-.-.-	1.2.-.-	1.2.7.-	D1YQF6	Pyruvate-flavodoxin oxidoreductase OS=Veillonella parvula ATCC 17745 OX=686660 GN=nifJ PE=3 SV=1	Veillonella (Genus) [29465]	0.024618	128.294	5.501380920410156	1	1	jar:file:/C:/Data/mpa-portable-1.8.0/mpa-portable-1.8.0.jar!/de/mpa/resources/icons/webresource16.png	
1.-.-.-	1.2.-.-	1.2.7.-	D6KQU7	Pyruvate-flavodoxin oxidoreductase OS=Veillonella sp. 6_1_27 OX=450749 GN=HMPREF0874_01341 PE=3 SV=1	Veillonella (Genus) [29465]	0.024618	128.287	5.601463317871094	1	1	jar:file:/C:/Data/mpa-portable-1.8.0/mpa-portable-1.8.0.jar!/de/mpa/resources/icons/webresource16.png	
1.-.-.-	1.2.-.-	1.2.7.-	D1BNW1	Pyruvate-flavodoxin oxidoreductase OS=Veillonella parvula (strain ATCC 10790 / DSM 2008 / JCM 12972 / Te3) OX=479436 GN=Vpar_1390 PE=3 SV=1	Veillonella (Genus) [29465]	0.024618	128.188	5.563972473144531	1	1	jar:file:/C:/Data/mpa-portable-1.8.0/mpa-portable-1.8.0.jar!/de/mpa/resources/icons/webresource16.png	
1.-.-.-	1.2.-.-	1.2.7.-	D4CV22	Pyruvate-flavodoxin oxidoreductase OS=Fusobacterium periodonticum ATCC 33693 OX=546275 GN=nifJ PE=3 SV=1	Fusobacterium (Genus) [848]	0.011775	131.06	5.839225769042969	1	1	jar:file:/C:/Data/mpa-portable-1.8.0/mpa-portable-1.8.0.jar!/de/mpa/resources/icons/webresource16.png	
1.-.-.-	1.2.-.-	1.2.7.-	D4CT55	Pyruvate-flavodoxin oxidoreductase OS=Fusobacterium periodonticum ATCC 33693 OX=546275 GN=nifJ PE=3 SV=1	root (No rank) [1]	0.011785	131.488	6.035972595214844	1	1	jar:file:/C:/Data/mpa-portable-1.8.0/mpa-portable-1.8.0.jar!/de/mpa/resources/icons/webresource16.png	
1.-.-.-	1.2.-.-	1.2.7.-	J8VFT6	Pyruvate-flavodoxin oxidoreductase OS=Fusobacterium hwasookii ChDC F128 OX=1216362 GN=B437_10897 PE=3 SV=1	Fusobacterium (Genus) [848]	0.011785	131.678	6.275444030761719	1	1	jar:file:/C:/Data/mpa-portable-1.8.0/mpa-portable-1.8.0.jar!/de/mpa/resources/icons/webresource16.png	
1.-.-.-	1.2.-.-	1.2.7.-	A5TY57	Pyruvate-flavodoxin oxidoreductase OS=Fusobacterium nucleatum subsp. polymorphum ATCC 10953 OX=393480 GN=FNP_2072 PE=3 SV=1	Fusobacterium (Genus) [848]	0.011765	131.992	6.277259826660156	1	1	jar:file:/C:/Data/mpa-portable-1.8.0/mpa-portable-1.8.0.jar!/de/mpa/resources/icons/webresource16.png	
1.-.-.-	1.2.-.-	1.2.7.-	X8HJJ9	Pyruvate-flavodoxin oxidoreductase OS=Fusobacterium sp. CM22 OX=936563 GN=nifJ PE=3 SV=1	root (No rank) [1]	0.011785	131.753	6.066200256347656	1	1	jar:file:/C:/Data/mpa-portable-1.8.0/mpa-portable-1.8.0.jar!/de/mpa/resources/icons/webresource16.png	
1.-.-.-	1.2.-.-	1.2.7.-	X7SAE9	Pyruvate-flavodoxin oxidoreductase OS=Fusobacterium nucleatum 13_3C OX=1357398 GN=HMPREF2085_00221 PE=3 SV=1	Fusobacterium (Genus) [848]	0.011785	131.807	6.277259826660156	1	1	jar:file:/C:/Data/mpa-portable-1.8.0/mpa-portable-1.8.0.jar!/de/mpa/resources/icons/webresource16.png	
1.-.-.-	1.2.-.-	1.2.7.-	X8HYP6	Pyruvate-flavodoxin oxidoreductase OS=Fusobacterium sp. OBRC1 OX=1032505 GN=nifJ_1 PE=3 SV=1	Fusobacterium (Genus) [848]	0.011785	131.777	6.450614929199219	1	1	jar:file:/C:/Data/mpa-portable-1.8.0/mpa-portable-1.8.0.jar!/de/mpa/resources/icons/webresource16.png	
1.-.-.-	1.2.-.-	1.2.7.-	D6LH41	Pyruvate-flavodoxin oxidoreductase OS=Fusobacterium periodonticum 1_1_41FAA OX=469621 GN=HMPREF0400_01042 PE=3 SV=1	root (No rank) [1]	0.011785	131.464	6.130393981933594	1	1	jar:file:/C:/Data/mpa-portable-1.8.0/mpa-portable-1.8.0.jar!/de/mpa/resources/icons/webresource16.png	
1.-.-.-	1.2.-.-	1.2.7.-	U7TTL7	Pyruvate-flavodoxin oxidoreductase OS=Fusobacterium nucleatum CTI-6 OX=1316587 GN=HMPREF1767_01184 PE=3 SV=1	Fusobacterium (Genus) [848]	0.011785	131.821	6.359931945800781	1	1	jar:file:/C:/Data/mpa-portable-1.8.0/mpa-portable-1.8.0.jar!/de/mpa/resources/icons/webresource16.png	
1.-.-.-	1.2.-.-	1.2.7.-	D6LG79	Pyruvate-flavodoxin oxidoreductase OS=Fusobacterium periodonticum 1_1_41FAA OX=469621 GN=HMPREF0400_00728 PE=3 SV=1	Fusobacterium (Genus) [848]	0.011775	131.135	5.731452941894531	1	1	jar:file:/C:/Data/mpa-portable-1.8.0/mpa-portable-1.8.0.jar!/de/mpa/resources/icons/webresource16.png	
1.-.-.-	1.2.-.-	1.2.1.-	D6LJW0	Glyceraldehyde-3-phosphate dehydrogenase OS=Fusobacterium periodonticum 1_1_41FAA OX=469621 GN=HMPREF0400_01883 PE=3 SV=1	root (No rank) [1]	0.050746	35.891	5.321403503417969	1	1	jar:file:/C:/Data/mpa-portable-1.8.0/mpa-portable-1.8.0.jar!/de/mpa/resources/icons/webresource16.png	
1.-.-.-	1.2.-.-	1.2.1.-	F9EMK1	Glyceraldehyde-3-phosphate dehydrogenase OS=Fusobacterium nucleatum subsp. animalis ATCC 51191 OX=997347 GN=gapC PE=3 SV=1	root (No rank) [1]	0.050746	35.841	5.705924987792969	1	1	jar:file:/C:/Data/mpa-portable-1.8.0/mpa-portable-1.8.0.jar!/de/mpa/resources/icons/webresource16.png	
1.-.-.-	1.2.-.-	1.2.1.-	R5WX72	Glyceraldehyde-3-phosphate dehydrogenase OS=Fusobacterium sp. CAG:649 OX=1262900 GN=BN748_01849 PE=3 SV=1	root (No rank) [1]	0.050746	35.798	5.535346984863281	1	1	jar:file:/C:/Data/mpa-portable-1.8.0/mpa-portable-1.8.0.jar!/de/mpa/resources/icons/webresource16.png	
1.-.-.-	1.2.-.-	1.2.1.-	U7T9G1	Glyceraldehyde-3-phosphate dehydrogenase OS=Fusobacterium nucleatum CTI-1 OX=1204474 GN=HMPREF1538_01457 PE=3 SV=1	root (No rank) [1]	0.050746	35.77	5.535346984863281	1	1	jar:file:/C:/Data/mpa-portable-1.8.0/mpa-portable-1.8.0.jar!/de/mpa/resources/icons/webresource16.png	
1.-.-.-	1.2.-.-	1.2.1.-	C6JLM5	Glyceraldehyde-3-phosphate dehydrogenase OS=Fusobacterium varium ATCC 27725 OX=469618 GN=gap PE=3 SV=1	root (No rank) [1]	0.050746	36.136	5.705711364746094	1	1	jar:file:/C:/Data/mpa-portable-1.8.0/mpa-portable-1.8.0.jar!/de/mpa/resources/icons/webresource16.png	
1.-.-.-	1.2.-.-	1.2.1.-	X8H492	Glyceraldehyde-3-phosphate dehydrogenase OS=Fusobacterium sp. CM22 OX=936563 GN=gap PE=3 SV=1	root (No rank) [1]	0.050746	35.832	5.426933288574219	1	1	jar:file:/C:/Data/mpa-portable-1.8.0/mpa-portable-1.8.0.jar!/de/mpa/resources/icons/webresource16.png	
1.-.-.-	1.2.-.-	1.2.1.-	V9HJN7	Glyceraldehyde-3-phosphate dehydrogenase OS=Fusobacterium ulcerans ATCC 49185 OX=469617 GN=FUAG_02865 PE=3 SV=1	root (No rank) [1]	0.050746	36.091	5.851509094238281	1	1	jar:file:/C:/Data/mpa-portable-1.8.0/mpa-portable-1.8.0.jar!/de/mpa/resources/icons/webresource16.png	
1.-.-.-	1.1.-.-	1.1.1.-	1.1.1.205	E1M746	Inosine-5'-monophosphate dehydrogenase OS=Streptococcus infantis SK1302 OX=871237 GN=guaB PE=3 SV=1	root (No rank) [1]	0.03252	52.595	5.429283142089844	1	1	jar:file:/C:/Data/mpa-portable-1.8.0/mpa-portable-1.8.0.jar!/de/mpa/resources/icons/webresource16.png	
1.-.-.-	1.1.-.-	1.1.1.-	1.1.1.205	U1S643	Inosine-5'-monophosphate dehydrogenase OS=Aggregatibacter sp. oral taxon 458 str. W10330 OX=1321772 GN=guaB PE=3 SV=1	Aggregatibacter (Genus) [416916]	0.045187	54.477	8.595497131347656	1	1	jar:file:/C:/Data/mpa-portable-1.8.0/mpa-portable-1.8.0.jar!/de/mpa/resources/icons/webresource16.png	
1.-.-.-	1.1.-.-	1.1.1.-	1.1.1.205	E6KY91	Inosine-5'-monophosphate dehydrogenase OS=Aggregatibacter segnis ATCC 33393 OX=888057 GN=guaB PE=3 SV=1	Aggregatibacter (Genus) [416916]	0.045187	54.522	8.129264831542969	1	1	jar:file:/C:/Data/mpa-portable-1.8.0/mpa-portable-1.8.0.jar!/de/mpa/resources/icons/webresource16.png	
1.-.-.-	1.1.-.-	1.1.1.-	1.1.1.86	F3SLC8	Ketol-acid reductoisomerase (NADP(+)) OS=Streptococcus sanguinis SK1087 OX=888824 GN=ilvC PE=3 SV=1	root (No rank) [1]	0.052941	37.206	4.791831970214844	1	1	jar:file:/C:/Data/mpa-portable-1.8.0/mpa-portable-1.8.0.jar!/de/mpa/resources/icons/webresource16.png	
1.-.-.-	1.1.-.-	1.1.1.-	1.1.1.86	A8AVN4	Ketol-acid reductoisomerase (NADP(+)) OS=Streptococcus gordonii (strain Challis / ATCC 35105 / BCRC 15272 / CH1 / DL1 / V288) OX=467705 GN=ilvC PE=3 SV=1	root (No rank) [1]	0.052941	37.246	4.835624694824219	1	1	jar:file:/C:/Data/mpa-portable-1.8.0/mpa-portable-1.8.0.jar!/de/mpa/resources/icons/webresource16.png	
1.-.-.-	1.1.-.-	1.1.1.-	1.1.1.86	E8JXH9	Ketol-acid reductoisomerase (NADP(+)) OS=Streptococcus cristatus ATCC 51100 OX=889201 GN=ilvC PE=3 SV=1	root (No rank) [1]	0.052941	37.25	4.798561096191406	1	1	jar:file:/C:/Data/mpa-portable-1.8.0/mpa-portable-1.8.0.jar!/de/mpa/resources/icons/webresource16.png	
1.-.-.-	1.8.-.-	1.8.1.-	1.8.1.9	A5TS04	Thioredoxin-disulfide reductase OS=Fusobacterium nucleatum subsp. polymorphum ATCC 10953 OX=393480 GN=trxB1 PE=4 SV=1	Fusobacterium (Genus) [848]	0.023853	59.874	5.136833190917969	1	1	jar:file:/C:/Data/mpa-portable-1.8.0/mpa-portable-1.8.0.jar!/de/mpa/resources/icons/webresource16.png	
5.-.-.-	5.2.-.-	5.2.1.-	5.2.1.8	G6C5F7	Trigger factor OS=Fusobacterium sp. oral taxon 370 str. F0437 OX=861452 GN=tig PE=3 SV=1	root (No rank) [1]	0.074592	48.953	4.903556823730469	2	2	jar:file:/C:/Data/mpa-portable-1.8.0/mpa-portable-1.8.0.jar!/de/mpa/resources/icons/webresource16.png	
5.-.-.-	5.2.-.-	5.2.1.-	5.2.1.8	D6LJ60	Trigger factor OS=Fusobacterium periodonticum 1_1_41FAA OX=469621 GN=tig PE=3 SV=1	root (No rank) [1]	0.077108	47.165	4.835304260253906	2	2	jar:file:/C:/Data/mpa-portable-1.8.0/mpa-portable-1.8.0.jar!/de/mpa/resources/icons/webresource16.png	
5.-.-.-	5.2.-.-	5.2.1.-	5.2.1.8	C8NEX2	Trigger factor OS=Granulicatella adiacens ATCC 49175 OX=638301 GN=tig PE=3 SV=1	Granulicatella adiacens ATCC 49175 (Subspecies) [638301]	0.032333	48.65	4.602455139160156	1	1	jar:file:/C:/Data/mpa-portable-1.8.0/mpa-portable-1.8.0.jar!/de/mpa/resources/icons/webresource16.png	
5.-.-.-	5.2.-.-	5.2.1.-	5.2.1.8	L1ML39	Peptidyl-prolyl cis-trans isomerase OS=Prevotella sp. oral taxon 473 str. F0040 OX=1035197 GN=HMPREF9999_00941 PE=3 SV=1	Prevotella sp. oral taxon 473 str. F0040 (Subspecies) [1035197]	0.066667	21.284	4.864036560058594	1	1	jar:file:/C:/Data/mpa-portable-1.8.0/mpa-portable-1.8.0.jar!/de/mpa/resources/icons/webresource16.png	
5.-.-.-	5.2.-.-	5.2.1.-	5.2.1.8	D5RDI8	Trigger factor OS=Fusobacterium nucleatum subsp. nucleatum (strain ATCC 23726 / VPI 4351) OX=525283 GN=tig PE=3 SV=1	root (No rank) [1]	0.048951	48.708	4.866920471191406	1	1	jar:file:/C:/Data/mpa-portable-1.8.0/mpa-portable-1.8.0.jar!/de/mpa/resources/icons/webresource16.png	
5.-.-.-	5.2.-.-	5.2.1.-	5.2.1.8	K1GZ19	Trigger factor OS=Fusobacterium periodonticum D10 OX=620833 GN=tig PE=3 SV=1	root (No rank) [1]	0.048951	48.778	4.848869323730469	1	1	jar:file:/C:/Data/mpa-portable-1.8.0/mpa-portable-1.8.0.jar!/de/mpa/resources/icons/webresource16.png	
5.-.-.-	5.2.-.-	5.2.1.-	5.2.1.8	U7TC72	Trigger factor OS=Fusobacterium nucleatum CTI-1 OX=1204474 GN=tig PE=3 SV=1	root (No rank) [1]	0.048724	48.964	4.912101745605469	1	1	jar:file:/C:/Data/mpa-portable-1.8.0/mpa-portable-1.8.0.jar!/de/mpa/resources/icons/webresource16.png	
5.-.-.-	5.2.-.-	5.2.1.-	5.2.1.8	F9EMR8	Trigger factor OS=Fusobacterium nucleatum subsp. animalis ATCC 51191 OX=997347 GN=tig PE=3 SV=1	root (No rank) [1]	0.045752	52.209	4.780616760253906	1	1	jar:file:/C:/Data/mpa-portable-1.8.0/mpa-portable-1.8.0.jar!/de/mpa/resources/icons/webresource16.png	
5.-.-.-	5.2.-.-	5.2.1.-	5.2.1.8	J8S2R3	Trigger factor OS=Fusobacterium hwasookii ChDC F128 OX=1216362 GN=tig PE=3 SV=1	root (No rank) [1]	0.045752	52.259	4.783393859863281	1	1	jar:file:/C:/Data/mpa-portable-1.8.0/mpa-portable-1.8.0.jar!/de/mpa/resources/icons/webresource16.png	
5.-.-.-	5.2.-.-	5.2.1.-	5.2.1.8	U7T185	Trigger factor OS=Fusobacterium nucleatum CTI-5 OX=1316586 GN=tig PE=3 SV=1	root (No rank) [1]	0.048724	48.904	4.912101745605469	1	1	jar:file:/C:/Data/mpa-portable-1.8.0/mpa-portable-1.8.0.jar!/de/mpa/resources/icons/webresource16.png	
5.-.-.-	5.2.-.-	5.2.1.-	5.2.1.8	D4CTP8	Trigger factor OS=Fusobacterium periodonticum ATCC 33693 OX=546275 GN=tig PE=3 SV=1	root (No rank) [1]	0.048951	48.74	4.874610900878906	1	1	jar:file:/C:/Data/mpa-portable-1.8.0/mpa-portable-1.8.0.jar!/de/mpa/resources/icons/webresource16.png	
5.-.-.-	5.2.-.-	5.2.1.-	5.2.1.8	Q8RGM8	Peptidyl-prolyl cis-trans isomerase OS=Fusobacterium nucleatum subsp. nucleatum (strain ATCC 25586 / CIP 101130 / JCM 8532 / LMG 13131) OX=190304 GN=FN0263 PE=4 SV=1	Fusobacterium (Genus) [848]	0.095238	27.005	5.150932312011719	1	1	jar:file:/C:/Data/mpa-portable-1.8.0/mpa-portable-1.8.0.jar!/de/mpa/resources/icons/webresource16.png	
5.-.-.-	5.4.-.-	5.4.3.-	5.4.3.2	Q8RHX4	L-lysine 2,3-aminomutase OS=Fusobacterium nucleatum subsp. nucleatum (strain ATCC 25586 / CIP 101130 / JCM 8532 / LMG 13131) OX=190304 GN=kamA PE=1 SV=1	Fusobacterium (Genus) [848]	0.035294	48.716	6.042167663574219	1	1	jar:file:/C:/Data/mpa-portable-1.8.0/mpa-portable-1.8.0.jar!/de/mpa/resources/icons/webresource16.png	
5.-.-.-	5.4.-.-	5.4.99.-	5.4.99.2	F9N3E6	Methylmalonyl-CoA mutase OS=Veillonella sp. oral taxon 780 str. F0422 OX=944564 GN=HMPREF9200_1399 PE=4 SV=1	root (No rank) [1]	0.038321	60.306	5.216621398925781	1	1	jar:file:/C:/Data/mpa-portable-1.8.0/mpa-portable-1.8.0.jar!/de/mpa/resources/icons/webresource16.png	
5.-.-.-	5.4.-.-	5.4.99.-	5.4.99.2	W3Y624	Methylmalonyl-CoA mutase OS=Veillonella sp. AS16 OX=936589 GN=HMPREF1521_0639 PE=4 SV=1	root (No rank) [1]	0.038321	60.386	5.176567077636719	1	1	jar:file:/C:/Data/mpa-portable-1.8.0/mpa-portable-1.8.0.jar!/de/mpa/resources/icons/webresource16.png	
5.-.-.-	5.4.-.-	5.4.99.-	E4LBY0	Methylmalonyl-CoA mutase domain protein OS=Veillonella sp. oral taxon 158 str. F0412 OX=879309 GN=HMPREF9199_1292 PE=4 SV=1	root (No rank) [1]	0.038321	60.416	5.124870300292969	1	1	jar:file:/C:/Data/mpa-portable-1.8.0/mpa-portable-1.8.0.jar!/de/mpa/resources/icons/webresource16.png	
5.-.-.-	5.4.-.-	5.4.99.-	D1YS71	Methylmalonyl-CoA mutase domain protein OS=Veillonella parvula ATCC 17745 OX=686660 GN=HMPREF1035_1880 PE=4 SV=1	root (No rank) [1]	0.038321	60.316	5.171760559082031	1	1	jar:file:/C:/Data/mpa-portable-1.8.0/mpa-portable-1.8.0.jar!/de/mpa/resources/icons/webresource16.png	
5.-.-.-	5.3.-.-	5.3.1.-	5.3.1.1	A5TY02	Triosephosphate isomerase OS=Fusobacterium nucleatum subsp. polymorphum ATCC 10953 OX=393480 GN=tpiA PE=3 SV=1	root (No rank) [1]	0.055777	27.497	5.375343322753906	1	1	jar:file:/C:/Data/mpa-portable-1.8.0/mpa-portable-1.8.0.jar!/de/mpa/resources/icons/webresource16.png	
5.-.-.-	5.3.-.-	5.3.1.-	5.3.1.1	S4VSJ8	Triosephosphate isomerase (Fragment) OS=Fusobacterium hwasookii ChDC F300 OX=1307444 GN=tpi PE=3 SV=1	root (No rank) [1]	0.055777	27.435	5.369575500488281	1	1	jar:file:/C:/Data/mpa-portable-1.8.0/mpa-portable-1.8.0.jar!/de/mpa/resources/icons/webresource16.png	
5.-.-.-	5.3.-.-	5.3.1.-	5.3.1.1	X8HRC3	Triosephosphate isomerase OS=Fusobacterium sp. OBRC1 OX=1032505 GN=tpiA PE=3 SV=1	root (No rank) [1]	0.055777	27.64	5.279640197753906	1	1	jar:file:/C:/Data/mpa-portable-1.8.0/mpa-portable-1.8.0.jar!/de/mpa/resources/icons/webresource16.png	
6.-.-.-	6.1.-.-	6.1.1.-	6.1.1.18	E1W5K5	Glutamine--tRNA ligase OS=Haemophilus parainfluenzae (strain T3T1) OX=862965 GN=glnS PE=3 SV=1	root (No rank) [1]	0.025135	64.149	5.481941223144531	1	1	jar:file:/C:/Data/mpa-portable-1.8.0/mpa-portable-1.8.0.jar!/de/mpa/resources/icons/webresource16.png	
6.-.-.-	6.1.-.-	6.1.1.-	6.1.1.18	F9H1B9	Glutamine--tRNA ligase OS=Haemophilus haemolyticus M21621 OX=1028805 GN=glnS PE=3 SV=1	root (No rank) [1]	0.025135	64.093	5.619621276855469	1	1	jar:file:/C:/Data/mpa-portable-1.8.0/mpa-portable-1.8.0.jar!/de/mpa/resources/icons/webresource16.png	
6.-.-.-	6.1.-.-	6.1.1.-	6.1.1.11	D6KS18	Serine--tRNA ligase OS=Veillonella sp. 6_1_27 OX=450749 GN=serS PE=3 SV=1	Veillonella (Genus) [29465]	0.042254	48.254	5.380363464355469	1	1	jar:file:/C:/Data/mpa-portable-1.8.0/mpa-portable-1.8.0.jar!/de/mpa/resources/icons/webresource16.png	
6.-.-.-	6.1.-.-	6.1.1.-	6.1.1.11	E4LGD2	Serine--tRNA ligase OS=Veillonella sp. oral taxon 158 str. F0412 OX=879309 GN=serS PE=3 SV=1	Veillonella (Genus) [29465]	0.042254	48.239	5.031303405761719	1	1	jar:file:/C:/Data/mpa-portable-1.8.0/mpa-portable-1.8.0.jar!/de/mpa/resources/icons/webresource16.png	
6.-.-.-	6.1.-.-	6.1.1.-	6.1.1.11	T0UB77	Serine--tRNA ligase OS=Veillonella parvula HSIVP1 OX=1316254 GN=serS PE=3 SV=1	Veillonella (Genus) [29465]	0.042254	48.226	5.448081970214844	1	1	jar:file:/C:/Data/mpa-portable-1.8.0/mpa-portable-1.8.0.jar!/de/mpa/resources/icons/webresource16.png	
6.-.-.-	6.1.-.-	6.1.1.-	6.1.1.11	D6KLZ1	Serine--tRNA ligase OS=Veillonella sp. 3_1_44 OX=457416 GN=serS PE=3 SV=1	Veillonella (Genus) [29465]	0.042254	48.26	5.448081970214844	1	1	jar:file:/C:/Data/mpa-portable-1.8.0/mpa-portable-1.8.0.jar!/de/mpa/resources/icons/webresource16.png	
6.-.-.-	6.1.-.-	6.1.1.-	6.1.1.11	W3Y361	Serine--tRNA ligase OS=Veillonella sp. AS16 OX=936589 GN=serS PE=3 SV=1	Veillonella (Genus) [29465]	0.042254	48.31	5.299293518066406	1	1	jar:file:/C:/Data/mpa-portable-1.8.0/mpa-portable-1.8.0.jar!/de/mpa/resources/icons/webresource16.png	
6.-.-.-	6.1.-.-	6.1.1.-	6.1.1.11	F9N650	Serine--tRNA ligase OS=Veillonella sp. oral taxon 780 str. F0422 OX=944564 GN=serS PE=3 SV=1	Veillonella (Genus) [29465]	0.042353	47.816	5.177635192871094	1	1	jar:file:/C:/Data/mpa-portable-1.8.0/mpa-portable-1.8.0.jar!/de/mpa/resources/icons/webresource16.png	
6.-.-.-	6.1.-.-	6.1.1.-	6.1.1.11	W1UZL9	Serine--tRNA ligase OS=Veillonella dispar DORA_11 OX=1403949 GN=serS PE=3 SV=1	Veillonella (Genus) [29465]	0.042254	48.32	5.524986267089844	1	1	jar:file:/C:/Data/mpa-portable-1.8.0/mpa-portable-1.8.0.jar!/de/mpa/resources/icons/webresource16.png	
6.-.-.-	6.1.-.-	6.1.1.-	6.1.1.11	D1BLE0	Serine--tRNA ligase OS=Veillonella parvula (strain ATCC 10790 / DSM 2008 / JCM 12972 / Te3) OX=479436 GN=serS PE=3 SV=1	Veillonella (Genus) [29465]	0.042254	48.178	5.315422058105469	1	1	jar:file:/C:/Data/mpa-portable-1.8.0/mpa-portable-1.8.0.jar!/de/mpa/resources/icons/webresource16.png	
6.-.-.-	6.1.-.-	6.1.1.-	6.1.1.7	D6LHW0	Alanine--tRNA ligase OS=Fusobacterium periodonticum 1_1_41FAA OX=469621 GN=alaS PE=3 SV=1	Fusobacterium (Genus) [848]	0.019608	97.642	5.401191711425781	1	1	jar:file:/C:/Data/mpa-portable-1.8.0/mpa-portable-1.8.0.jar!/de/mpa/resources/icons/webresource16.png	
6.-.-.-	6.1.-.-	6.1.1.-	6.1.1.7	G6C351	Alanine--tRNA ligase OS=Fusobacterium sp. oral taxon 370 str. F0437 OX=861452 GN=alaS PE=3 SV=1	Fusobacterium (Genus) [848]	0.019608	97.707	5.404930114746094	1	1	jar:file:/C:/Data/mpa-portable-1.8.0/mpa-portable-1.8.0.jar!/de/mpa/resources/icons/webresource16.png	
6.-.-.-	6.1.-.-	6.1.1.-	6.1.1.7	A5TW59	Alanine--tRNA ligase OS=Fusobacterium nucleatum subsp. polymorphum ATCC 10953 OX=393480 GN=alaS PE=3 SV=1	Fusobacterium (Genus) [848]	0.019608	98.057	5.278572082519531	1	1	jar:file:/C:/Data/mpa-portable-1.8.0/mpa-portable-1.8.0.jar!/de/mpa/resources/icons/webresource16.png	
6.-.-.-	6.1.-.-	6.1.1.-	6.1.1.7	U7TRL3	Alanine--tRNA ligase OS=Fusobacterium nucleatum CTI-6 OX=1316587 GN=alaS PE=3 SV=1	Fusobacterium (Genus) [848]	0.019608	97.948	5.327705383300781	1	1	jar:file:/C:/Data/mpa-portable-1.8.0/mpa-portable-1.8.0.jar!/de/mpa/resources/icons/webresource16.png	
6.-.-.-	6.1.-.-	6.1.1.-	6.1.1.7	X8H4G3	Alanine--tRNA ligase OS=Fusobacterium sp. CM22 OX=936563 GN=alaS PE=3 SV=1	Fusobacterium (Genus) [848]	0.019608	98.075	5.357292175292969	1	1	jar:file:/C:/Data/mpa-portable-1.8.0/mpa-portable-1.8.0.jar!/de/mpa/resources/icons/webresource16.png	
6.-.-.-	6.1.-.-	6.1.1.-	6.1.1.7	J8VKV4	Alanine--tRNA ligase OS=Fusobacterium hwasookii ChDC F128 OX=1216362 GN=alaS PE=3 SV=1	Fusobacterium (Genus) [848]	0.019608	97.994	5.388801574707031	1	1	jar:file:/C:/Data/mpa-portable-1.8.0/mpa-portable-1.8.0.jar!/de/mpa/resources/icons/webresource16.png	
6.-.-.-	6.1.-.-	6.1.1.-	6.1.1.7	K1GVM6	Alanine--tRNA ligase OS=Fusobacterium periodonticum D10 OX=620833 GN=alaS PE=3 SV=1	Fusobacterium (Genus) [848]	0.01934	99.084	5.436866760253906	1	1	jar:file:/C:/Data/mpa-portable-1.8.0/mpa-portable-1.8.0.jar!/de/mpa/resources/icons/webresource16.png	
6.-.-.-	6.1.-.-	6.1.1.-	6.1.1.20	D4CUP7	Phenylalanine--tRNA ligase beta subunit OS=Fusobacterium periodonticum ATCC 33693 OX=546275 GN=pheT PE=3 SV=1	root (No rank) [1]	0.026283	90.582	5.241294860839844	1	1	jar:file:/C:/Data/mpa-portable-1.8.0/mpa-portable-1.8.0.jar!/de/mpa/resources/icons/webresource16.png	
6.-.-.-	6.1.-.-	6.1.1.-	6.1.1.20	G6C199	Phenylalanine--tRNA ligase beta subunit (Fragment) OS=Fusobacterium sp. oral taxon 370 str. F0437 OX=861452 GN=HMPREF9093_00327 PE=3 SV=1	root (No rank) [1]	0.025926	92.087	5.251228332519531	1	1	jar:file:/C:/Data/mpa-portable-1.8.0/mpa-portable-1.8.0.jar!/de/mpa/resources/icons/webresource16.png	
6.-.-.-	6.3.-.-	6.3.5.-	D1YRF8	Aspartyl/glutamyl-tRNA(Asn/Gln) amidotransferase subunit B OS=Veillonella parvula ATCC 17745 OX=686660 GN=gatB PE=3 SV=1	Veillonella (Genus) [29465]	0.024896	53.208	5.251441955566406	1	1	jar:file:/C:/Data/mpa-portable-1.8.0/mpa-portable-1.8.0.jar!/de/mpa/resources/icons/webresource16.png	
6.-.-.-	6.3.-.-	6.3.5.-	C4FQM5	Aspartyl/glutamyl-tRNA(Asn/Gln) amidotransferase subunit B OS=Veillonella dispar ATCC 17748 OX=546273 GN=gatB PE=3 SV=1	Veillonella (Genus) [29465]	0.024896	53.197	5.311470031738281	1	1	jar:file:/C:/Data/mpa-portable-1.8.0/mpa-portable-1.8.0.jar!/de/mpa/resources/icons/webresource16.png	
6.-.-.-	6.3.-.-	6.3.5.-	E4LCE4	Aspartyl/glutamyl-tRNA(Asn/Gln) amidotransferase subunit B OS=Veillonella sp. oral taxon 158 str. F0412 OX=879309 GN=gatB PE=3 SV=1	Veillonella (Genus) [29465]	0.024896	53.164	5.196220397949219	1	1	jar:file:/C:/Data/mpa-portable-1.8.0/mpa-portable-1.8.0.jar!/de/mpa/resources/icons/webresource16.png	
6.-.-.-	6.3.-.-	6.3.5.-	W3Y4U2	Aspartyl/glutamyl-tRNA(Asn/Gln) amidotransferase subunit B OS=Veillonella sp. AS16 OX=936589 GN=gatB PE=3 SV=1	Veillonella (Genus) [29465]	0.024896	53.222	5.042625427246094	1	1	jar:file:/C:/Data/mpa-portable-1.8.0/mpa-portable-1.8.0.jar!/de/mpa/resources/icons/webresource16.png	
6.-.-.-	6.3.-.-	6.3.5.-	D1BMS0	Aspartyl/glutamyl-tRNA(Asn/Gln) amidotransferase subunit B OS=Veillonella parvula (strain ATCC 10790 / DSM 2008 / JCM 12972 / Te3) OX=479436 GN=gatB PE=3 SV=1	Veillonella (Genus) [29465]	0.024896	53.182	5.251441955566406	1	1	jar:file:/C:/Data/mpa-portable-1.8.0/mpa-portable-1.8.0.jar!/de/mpa/resources/icons/webresource16.png	
6.-.-.-	6.3.-.-	6.3.5.-	D4DNT6	Aspartyl/glutamyl-tRNA(Asn/Gln) amidotransferase subunit B OS=Neisseria elongata subsp. glycolytica ATCC 29315 OX=546263 GN=gatB PE=3 SV=1	root (No rank) [1]	0.033613	51.889	5.120384216308594	1	1	jar:file:/C:/Data/mpa-portable-1.8.0/mpa-portable-1.8.0.jar!/de/mpa/resources/icons/webresource16.png	
6.-.-.-	6.3.-.-	6.3.5.-	D0W0C7	Aspartyl/glutamyl-tRNA(Asn/Gln) amidotransferase subunit B OS=Neisseria cinerea ATCC 14685 OX=546262 GN=gatB PE=3 SV=1	root (No rank) [1]	0.033613	51.861	5.120384216308594	1	1	jar:file:/C:/Data/mpa-portable-1.8.0/mpa-portable-1.8.0.jar!/de/mpa/resources/icons/webresource16.png	
Unclassified	A0A241Q229	Heat-inducible transcription repressor HrcA OS=Fusobacterium nucleatum subsp. polymorphum OX=76857 GN=hrcA PE=3 SV=1	root (No rank) [1]	0.048433	40.263	5.185111999511719	1	1	jar:file:/C:/Data/mpa-portable-1.8.0/mpa-portable-1.8.0.jar!/de/mpa/resources/icons/webresource16.png	
