Spectrum Number	Spectrum ID	Spectrum Title	Peptide(s)	Protein Accession(s)	
1	5878	jrudney_chenx096_20141211_14470_737ws_08_24.7395.7395.2	VVLTGFDVENIVR	A0A0F2D4Q4;A0A0F3HRV9;A0A0E2IS22;A0A074IZJ4;A0A0B7GSQ4;A0A0F2CHX7;A0A0F2E2A7;A0A0F3HBY6;F9HH82;A0A0A1DXB1;A0A1S1GYI4	
2	6937	jrudney_chenx096_20141211_14470_737ws_08_24.8631.8631.3	EMDKEFLMPVEDVFTITGR	L7YBT3	
3	7257	jrudney_chenx096_20141211_14470_737ws_08_24.9004.9004.2	LDYAQQIIDILDR	W1UY14;D1BQC3;A0A2I1TFG7;D1BQB9;D1YLY2;D1YLY0;D6KPC0;D1BQC5;D6KJ08;W1UV37;A0A2I1TFE3	
4	4332	jrudney_chenx096_20141211_14470_737ws_08_24.5591.5591.3	KNLIEVPMVGTTIPHEVR	A0A060RIT2;A0A139NMR4;A0A1Q8EBT5	
5	2590	jrudney_chenx096_20141211_14470_737ws_08_24.3559.3559.2	NTNDPDAQYEVNVSR	C4FMC7	
6	5863	jrudney_chenx096_20141211_14470_737ws_08_24.7378.7378.2	NTIPFDPASPFVTSGIR	T0T3V9;A0A239ZAG5;A0A096AMV4;W1UXD7;C4FPX1;A0A134C377;A0A134BTG5	
7	6395	jrudney_chenx096_20141211_14470_737ws_08_24.7998.7998.3	KHGGDELGTVPFDEFFNSIK	S2ZSN1;A0A134C6S2;A0A1V0XC18	
8	7334	jrudney_chenx096_20141211_14470_737ws_08_24.9094.9094.2	EMDKPFLMPVEDVFTITGR	U3Q4P0;D0JAK7	
9	5461	jrudney_chenx096_20141211_14470_737ws_08_24.6909.6909.3	EVAFGEYGLQATTSHWITNR	A0A0T7T3R9;A0A0U2W868;T1ZGK8;A0A1S1H1K3;A0A1F0ZSC0;A0A2I1U459;A0A139NNH5;A0A0P0NBD9;A0A095ZEK3;A3CK70;A0A0C1K3D1;A0A2I1UJQ9;A0A1C7CAV8	
10	1554	jrudney_chenx096_20141211_14470_737ws_08_24.2350.2350.2	FDGDTGTTSVR	E4LDT0;J4QBT4	
11	6228	jrudney_chenx096_20141211_14470_737ws_08_24.7803.7803.3	QDVPAVAADLFLHVR	W1WSL7;A0A1V0XC92;C4FPB9;X8HEL1;A0A2I1TFR2;A0A134C6J7;D1YSA6;W1UWZ8;D6KNX3	
12	7272	jrudney_chenx096_20141211_14470_737ws_08_24.9021.9021.2	NIQYITASELIADAIVR	D0RV59;A0A134D848;A0A1V0H3F3;A0A139NC89	
13	7320	jrudney_chenx096_20141211_14470_737ws_08_24.9077.9077.2	IAVVGGGYIGVELAEAFER	A0A139PCW9;G6C9G7;A0A0F2DP56;A0A1X1H1S9;A0A0F2E4K7;A0A139Q034;A0A1X1JB90;A0A139R010;A0A0F2DVV6;A0A139QPL3;A0A081Q2S9;A0A081QAK6;A0A1X1HES8;A0A1S1DGN5;A0A095ZIL5;A0A0U0KRC6;A0A1F0BDT1;A0A081PXU5;A0A2I1TVT9;A0A081QY78;F9LY57;A0A1X1HV56;A0A1S1E7H0;A0A1F0K9Z9;A0A0T8XVQ9;A0A0A0DFW0;A0A0T7IBA5;A0A139N0D2;A0A0X8JXX5;A0A0F3H4G6;A0A139NG62;A0A064BXP8;A0A1F0NCF4;A0A139NYP6	
14	5168	jrudney_chenx096_20141211_14470_737ws_08_24.6567.6567.3	FIETVGTYNPLVAENQVTLKEDR	A0A239WWR5;A0A150NHS9;A0A0A6S675;A8AXU4;A0A1L7MUZ1;A3CNF4;W1UQZ2;A0A1F0NG01;A0A0E2UC23;A0A264S9B6;A0A0D1B6L7;A0A1Q8RHN6;A0A0M4JM12;A0A139MS46	
15	2981	jrudney_chenx096_20141211_14470_737ws_08_24.4015.4015.3	LGETHEGASQMDWMEQEQER;IGETHEGASQMDWMEQEQER	A0A081JFK4;A0A139N4B2;A0A166UUM4;A0A1X1GYL6;A0A139PB30;A0A0B7GSK0;D7WZP3;A0A1V0H0W8;A0A2J7NVL5;A0A095ZD13;A0A0V7YLE1;A0A0U0KRV6;A0A1Q8E6A3;G5IPJ4;F2C9A5;A0A127TTR0;A0A0F2CYF2;A0A0M2ZN12;A0A1Q8EFD1;Q0WXG4;A0A0U0DE88;B8ZKU0;A0A033UK70;A0A1G9NR69;A0A0T8PWC5;A0A1E8ZSJ9;F2CGL3;A0A1R1EQR2;A0A0H1RJ25;A0A2K3PYG6;A0A1H9U845;A0A133N7M4;A0A0F3HY81;A0A0F7R378;A0A1X1J0E6;A0A1E9DQT5;A0A0T8EIR2;A0A074IQY5;A0A2I0UXW7;A0A0F2DYA7;A0A0E2Q0P3;A0A0A0DLY7;A0A0T8P1R2;B4U0V9;A0A139Q518;W1Q489;A0A0Z8GHT5;A0A0C1K4Z0;D0BMZ4;A0A139MJS4;A0A0N0VAR9;A0A081QZS8;A0A1F0TGA9;A0A1H0ZLV2;A0A178K564;C8NH27;A0A0T8C5D1;A0A132P5J3;A0A0Y1YJD4;A0A0F2CJU8;Q8DVV4;U2QRC4;A0A0E2RAL0;F9HFS4;A0A1E4R078;A0A1S1ZS56;A0A0F2E4J2;E8KLM2;A0A0F5MKA9;A0A0Z8RP92;A0A081Q4A3;A0A1E7E875;A0A0E2UAD1;A0A0E1RA36;A0A142UP68;A0A1G6BY03;A0A0P6S0C2;A0A1L8MLZ1;F8LTH5;A0A0F2CFJ7;A0A0E8TAP5;A0A172Q996;A0A139N453;A0A2K7XKM6;A0A1H0PLM2;A0A2G9QSI3;A0A0M9FLX4;A0A1A7TQ39	
16	5201	jrudney_chenx096_20141211_14470_737ws_08_24.6605.6605.3	NMITGAAQMDGAILVVASTDGPMPQTR	D2ERE6;A0A139Q9A6;A0A1Q8EFI2;A0A139N847;A0A0P6S287;A0A139NMV1;A0A1V2SQ62;A0A074J0H1;A0A239XAW3;A0A0F2CHU7;B5XKI1;A0A0E2Q2Q4;A0A139MSW0;A0A0F2DZD6;B9DRL9;A0A1C3SQA8;A0A139NJL2;U2KP19;A0A139PDY6;A0A0U0IGI4;A0A139NRE4;A0A0F2E0T5;A0A0A6S7A0;A0A1Q8RH34;A0A1F0Y638;A0A136NA09;A8AWA0;A0A0C1K7P6;A0A0W7V713;A0A0E3WFP9;E3CHK3;A0A081QC88;A0A060RLJ8;B2IQV2;A0A1F0ZYK7;A0A0F2CEN3;A0A0Y1UR78;A0A0B7GLJ1;A0A0A0DJR7;A0A134D8Y6	
17	3932	jrudney_chenx096_20141211_14470_737ws_08_24.5125.5125.2	FVGIVGSNYEQSYNR	F2C693;A0A0F2CIZ4;A0A0B7GQH8;F3US53;A0A0F5MI60;A3CMX9;A0A0F3HME4;F3SHT4	
18	7242	jrudney_chenx096_20141211_14470_737ws_08_24.8986.8986.3	NIFMAAQSAAEVLEQPAVVVEAR	A0A081QD59;A0A0T8EGT6;A0A0T8B1H7;A0A0E2P2Y4;A0A081PSK2;A0A081S9H1;A0A024DI02;A0A0B7MDW9;A0A0T8U1J3	
19	5768	jrudney_chenx096_20141211_14470_737ws_08_24.7267.7267.3	YIDAGQLVPDSVTVGIVR	D6KQM9;W3Y3Y0;A0A134C223;A0A134C9G1;E4LBJ3	
20	7310	jrudney_chenx096_20141211_14470_737ws_08_24.9066.9066.3	LLFDDIPFLEDAQKEHDAFAEALR	A0A2I1TV46;K8MK81;F9HHH3;A0A1E8UVV0;U5P6Y5	
21	6886	jrudney_chenx096_20141211_14470_737ws_08_24.8571.8571.3	EYGVPFNYIDITEKYDELVANPNIR	E8KBI4;A0A096BFN0;A0A081Q2Y5	
22	6661	jrudney_chenx096_20141211_14470_737ws_08_24.8309.8309.3	DTDKPFLMPVEDVFTITGR	E4LBN4;G5GQF3;A0A0C2V155;E1L6A7;A0A081NVB1;A0A0U2INL2;A0A1H9D8W8;E1LAL6;A0A1H8UZ82;D6KQK6;A0A1B3X5W2;L1PWB8;A0A0D5NIS3;E1LE21;A0A1I2YAR9;A0A134C5I3;E4LBL6;A0A1I3V276;S2ZTF5;A0A0U0IGI4;A0A239ZQR0;D1BP65;C4FNA6;A0A1V0XDN0;A0A1H2RMB0;C4FSW6;A0A1G4VYR6;A0A0Q1GHG4;T0T2A6;A0A239RAQ0;C4FNC4;D6KM36;A0A109WI72;A0A134BUB2;E4LI88;D6KQI8;A0A1V0XDE0;A0A1I6ZQD9;W1WL88;E7N1T5;A0A1G4PQ21;A0A2J8AXT7;I0GNQ6;D6KM38;W3Y7T7;A0A0K1FG08;A0A1I3BNY5;A0A015L1S7	
23	2832	jrudney_chenx096_20141211_14470_737ws_08_24.3841.3841.3	NADITADKGDSDLDGNAITR	D6KPB7	
24	6327	jrudney_chenx096_20141211_14470_737ws_08_24.7919.7919.3	VVDHFGDLNVVVNNAGVAPTTPLDTITEEQFQR	A0A074IRG7	
25	7093	jrudney_chenx096_20141211_14470_737ws_08_24.8813.8813.3	AVDKPFLMPVEDVFSITGR	A0A1V5IXY6;R5J0C4;A0A0C3NF53;A0A0A2EW11;A0A1M3DD09	
26	6591	jrudney_chenx096_20141211_14470_737ws_08_24.8227.8227.3	TALGKEETLSTIQLDFLLPER	A0A1E1GC80;A0A0T8XYU4;A0A127TSU2;A0A0E2RDF0;A0A081QXG2;A0A0F2E6K0;A0A081PNT8;A0A0M4K0J4;E8KCC6;A0A081R2H6;A0A0E2Q2Y9;A0A0E9GTA3;A0A0U0J0H1;A0A081QBM3;A0A081Q031;A0A024DGI6;A0A0F3H5P5;A0A1E8U4A2;A0A0E8T402	
27	6006	jrudney_chenx096_20141211_14470_737ws_08_24.7544.7544.2	GSAEEATQAIFPVLVAR	D0RSQ1;A0A0F2CCH6;A0A0M3SM10;A0A134DAN3;A0A139N691	
28	4169	jrudney_chenx096_20141211_14470_737ws_08_24.5401.5401.2	IANQVNIPGFR	A0A133S1K9	
29	5291	jrudney_chenx096_20141211_14470_737ws_08_24.6710.6710.2	GNPTIEVEVYTESGAFGR;GNPTLEVEVYTESGAFGR	N0CBG6;A0A081JGD4;K0GZF7;A0A1X1K2J6;F2C6N9;A0A0H1GN41;A0A134D9M2;A0A139MQ08;A0A139NMK9;A0A1F0B0L3;A0A1G1SFA1;A0A139MBU8;A0A0Z8HN69;A0A0A6UNV0;U5P8P6;A0A1I1UU46;A0A1L8MPN9;S0JCK0;A0A1S1H1A7;A0A139NLL1;A0A0E2Q474;B5E4P1;A0A0T7IE38;A0A1X1IS63;A0A0I8YWW8;A0A1A9E010;A0A2I1TU62;A0A178KJ02;A0A0U0CE57;A8AY46;A0A0T7K4I8;A0A2I2A0F0;A0A0E2UFA7;D0BNZ7;A3CMA7;A0A133CMW8;G5ITI7;Q8RP81;A0A1Q8REJ0;A0A139RNI8;A0A1S1DEF4;A0A2I1ZBV7;A0A100GPC0;A0A081QA14;A0A1Y3JD87;A0A0N1J3K3;A0A127TSM0;A0A0F2D2U4;A0A242IZ01;A0A0F2DWC3;A0A081QYJ6;A0A1E8UPV9;S4DM25;A0A0E4H567;C8NGI4;A0A0F2CNT5;E1LKY0;W1Q478;A0A139P7A9;A0A0C1K6H9;A0A1C2CKC8;A0A0T9ACW8;D0RVQ2;P64081;A0A1G9AA11;A0A081QQC5;A0A0F3HCW2;A0A0U2TUU2;A0A095ZBH3;A0A0V7YLL4;A0A0H1UA29;A0A0E1XGX0;A0A1G6CR95;A0A0F5MHM2;A0A1X1KPB8	
30	7170	jrudney_chenx096_20141211_14470_737ws_08_24.8902.8902.2	DTQNVQEAELIELFEGVR	A0A139PTR6;J1NXG4;A0A139MBH1;A0A139P7R3;A0A1S9ZA45;A0A0E8T6V3;A0A0I6EWZ0;A0A1S1CTS2;A0A0T8TN42;F9LUD6;A0A178KKT4;A0A1X1G329;A0A1X1J7S2;A8AXK9;A0A110S357;A0A139RKM0	
31	6232	jrudney_chenx096_20141211_14470_737ws_08_24.7808.7808.2	TTLTAAITTVLAR	D2ERE6;A0A139Q9A6;A0A1Q8EFI2;A0A0P6S287;A0A139N847;A0A139NMV1;A0A1V2SQ62;A0A074J0H1;A0A239XAW3;A0A0F2CHU7;B5XKI1;A0A139MSW0;A0A0E2Q2Q4;A0A0F2DZD6;A0A1C3SQA8;B9DRL9;A0A139NJL2;U2KP19;A0A139PDY6;A0A139NRE4;A0A0F2E0T5;A0A0A6S7A0;A0A1Q8RH34;A0A1F0Y638;A0A0H4PFS2;A8AWA0;A0A0C1K7P6;A0A0W7V713;E3CHK3;A0A0E3WFP9;A0A081QC88;A0A060RLJ8;B2IQV2;A0A1F0ZYK7;A0A0F2CEN3;A0A0B7GLJ1;A0A0Y1UR78;A0A0A0DJR7;A0A134D8Y6	
32	5953	jrudney_chenx096_20141211_14470_737ws_08_24.7483.7483.3	FGETHALILFETPQDALR	A0A0U0PAP3;A0A0B7LGZ6;A0A0U0IRQ2;A0A127TV32;A0A0T8JA54;A0A0F2E7T6;A0A0T7T908;A0A081PU63;A0A081Q4C3;A0A0T8AA02;A0A1F0BKG7;A0A0E8A7T8;A0A081QZT9;A0A081PT91;A0A081SCW8	
33	6710	jrudney_chenx096_20141211_14470_737ws_08_24.8366.8366.2	TVEAYLESVNASVVEFAR	A0A1X1H794;A0A0B7GSY2;A0A0T7Z848;A0A139NPC2;A0A0T8BW74;A0A0T8UCH1;A0A0F2CNS2;E9FPJ6;A0A0T8AAU6;F9E354;F9LZX2;A0A0T7T3L1;A0A1S1CVA7;F0IS73;A0A081QKJ2;F0IJK2;A0A0F2D3N5;A0A096AQE2;F2BNY3;A0A1H0SPK2;A0A0E2P6N2;J4NLQ8;K1ALA3;A0A1F0T9W3;A0A081QF24;A0A1X1IE76;A0A0U0CVP7;A0A139QRS2;A0A139PEK9;F9HPZ6;A0A150NJI4;A0A081PZ83;A3CQW2;A0A1E1GDA4;A0A139Q1D3;A0A0F3HST3;A0A0F2DI59;A0A0F3HX18;A0A0E9GX06;A0A024DGP5;A0A139QYC3;A0A0U0G4P6;A0A1V0H1S7	
34	5707	jrudney_chenx096_20141211_14470_737ws_08_24.7196.7196.2	TTNPFLSTGDGMAAAFR	D1BPS4;W1V2D2;A0A1V0XDI2;T0STP7;E1L7J3;A0A134C9R2;C4FMG3;E4LF71;D6KJI9;A0A133S4C9;E1LCY9;A0A134C319	
35	6725	jrudney_chenx096_20141211_14470_737ws_08_24.8383.8383.2	GSYGLGGLTSTLEGLDVYGR	A0A1S1FTX3;A0A1B8T7Z3	
36	6474	jrudney_chenx096_20141211_14470_737ws_08_24.8090.8090.3	EVPHHVIDLLLSNNELSVADAEGLVK	A0A1V0XBV9;S2ZU54;E1L6W7;J4RQ73;A0A133S6Q7;E1LAQ5	
37	3697	jrudney_chenx096_20141211_14470_737ws_08_24.4851.4851.2	GTVIEIEEDAATR	A0A0A1DZS8;A0A074JC08	
38	4644	jrudney_chenx096_20141211_14470_737ws_08_24.5955.5955.2	AVILNYPANPTGITYSR	A0A081R0D4;A0A0F2DEL7;A0A0C1HL16;A0A139QEM8;A0A081SBB8;F9PA09;A0A0T8JVW5;X8HE13;G6A6Y0;A0A081QJF0	
39	4350	jrudney_chenx096_20141211_14470_737ws_08_24.5612.5612.3	SQEVLHRPLNVAVLTVSDTR	E1LAH8	
40	5588	jrudney_chenx096_20141211_14470_737ws_08_24.7057.7057.3	HLENIQDVYGLPAVVAINK	A0A0B7GIW6;A0A139ML62;A0A0F2CTP8;A0A1E9DW37;A0A0A0DH60;A3CL27;E8JVK5;A0A0M4K2C3;A0A0F2CKT9;A0A139MYK0	
41	6998	jrudney_chenx096_20141211_14470_737ws_08_24.8702.8702.3	EMDKEFLMPVEDVFTITGR	L7YBT3	
42	6705	jrudney_chenx096_20141211_14470_737ws_08_24.8360.8360.2	VLVILEEGNEFAALSAR	A0A2I1U476;A0A1L7MXA2;B5E6F6;A0A089WYJ9;A0A089X420;A0A1X1FNW3;F3SKL0;A0A081Q9H4;A0A127TUM8;D3HB90;F9PXQ8;A0A0T7K575;A0A1V2SL06;A0A0F2CSF0;A0A0F2CYN5;A0A0E2J4Q6;A0A0Z8J7W8;A0A0B7GMC6;A0A089YQ58;A0A150NKD0;I2JA54;A0A139RP08;A0A0U0IS95;A0A081JJZ3;A0A1Q8E5I0;A0A0T8BUC4;K0Z1W9;A0A0E1XTZ4	
43	6956	jrudney_chenx096_20141211_14470_737ws_08_24.8653.8653.3	DTDKPFLMPVEDVFTITGR	E4LBN4;G5GQF3;A0A0C2V155;E1L6A7;A0A081NVB1;A0A0U2INL2;A0A1H9D8W8;E1LAL6;A0A1H8UZ82;D6KQK6;A0A1B3X5W2;L1PWB8;A0A0D5NIS3;E1LE21;A0A1I2YAR9;A0A134C5I3;E4LBL6;A0A1I3V276;S2ZTF5;A0A0U0IGI4;A0A239ZQR0;D1BP65;C4FNA6;A0A1V0XDN0;A0A1H2RMB0;C4FSW6;A0A1G4VYR6;A0A0Q1GHG4;T0T2A6;A0A239RAQ0;C4FNC4;D6KM36;A0A109WI72;A0A134BUB2;E4LI88;D6KQI8;A0A1V0XDE0;A0A1I6ZQD9;W1WL88;E7N1T5;A0A1G4PQ21;A0A2J8AXT7;I0GNQ6;D6KM38;W3Y7T7;A0A0K1FG08;A0A1I3BNY5;A0A015L1S7	
44	5939	jrudney_chenx096_20141211_14470_737ws_08_24.7466.7466.3	EGLMTTIHAYTGDQMILDGPHR	A0A0U0I262	
45	7261	jrudney_chenx096_20141211_14470_737ws_08_24.9009.9009.4	ADEDYTKQGATIVATAAEAWATEMVVKVKEP	A0A1F0Y6P0	
46	6286	jrudney_chenx096_20141211_14470_737ws_08_24.7871.7871.2	IASFEAALLDYAR	A0A1S1FW15;E1W2U4;A0A1R0E7L9;A0A1B8T2K9;A0A1B8QWU3;A0A1R0E855;A0A2J6P8X1	
47	4983	jrudney_chenx096_20141211_14470_737ws_08_24.6351.6351.2	SNISFQGPVVGLSYR	A0A2I1TEY6;D6KQX4;A0A134BXF6;D1BL94;T0UJ87	
48	5991	jrudney_chenx096_20141211_14470_737ws_08_24.7527.7527.2	FGETHALILFETPQDALR	A0A0U0PAP3;A0A0B7LGZ6;A0A0U0IRQ2;A0A127TV32;A0A0T8JA54;A0A0F2E7T6;A0A0T7T908;A0A081PU63;A0A081Q4C3;A0A0T8AA02;A0A1F0BKG7;A0A0E8A7T8;A0A081QZT9;A0A081PT91;A0A081SCW8	
49	5929	jrudney_chenx096_20141211_14470_737ws_08_24.7455.7455.3	GGAIEGAVASKEEILALATLPNR;GGAIEGAVASKEEIIALATLPNR	A0A0T8S8H2;A0A0F2DUR3;A0A0E9GXI9;A0A081PXW8;A0A1X1KUQ5;A0A139RK16;A0A081QPL2;A0A0B7GNE6;A0A139REC0;A0A0X8UXY8;A0A0F2DX26;A0A081QBZ1;A0A0A0DI13	
50	4445	jrudney_chenx096_20141211_14470_737ws_08_24.5723.5723.3	KNVQTIAGSMVVPNNVTVVSASK	W1UXA3	
51	3125	jrudney_chenx096_20141211_14470_737ws_08_24.4183.4183.3	HGVLEDDDAPVKPEEIK	A0A134C100;W1W410;A0A134C7P5;A0A133S409;A0A1V0X9P1;E1LDP1	
52	3152	jrudney_chenx096_20141211_14470_737ws_08_24.4215.4215.2	LLEEVEDDATR	A0A081QCE0;A0A0F3HTG2;A0A0E8T7N1;A0A064C0P3;A0A0F2CN39;A0A081Q5B8;A0A0F2DFE0;A0A0B7KTI3;A0A0T7YNA6;F0I0B2;A0A1F0KCX4;A0A0E9GX75;D0RW50;A0A0B7GJE6;A0A081PRA3;A0A081QXX2;A0A0F2CP63;A0A0A0DFS1	
53	6677	jrudney_chenx096_20141211_14470_737ws_08_24.8327.8327.3	KGTGAGSDFLGWLDLPENYDR	A0A127TTU9;A0A139N9W3;A0A1E1G8P6;A0A134DA88;A0A081PTY3;A0A0F5MK59;A0A139PK56;A0A095ZQC9;A0A0E2P927;A0A0F2CQM3;F9HFN6;A0A139N4U5;A0A1F0B4U8;A0A1F0KK57;K1B3N0;A0A0F3HKU0;A0A139NV65;A0A0B7GND9;A0A0T8TJ47;A0A0F2CGD3;A0A139N362	
54	5486	jrudney_chenx096_20141211_14470_737ws_08_24.6938.6938.2	DIAMQIAAVNPTYLNR	E4LCU2;E1L9M0;F5KYF0;W3Y5W4;D6KMR4;A0A134BX38;C4FR14;W1W3X1	
55	6572	jrudney_chenx096_20141211_14470_737ws_08_24.8205.8205.4	ANTETYGTPVPTTVPLTVEPGPFIVVTGHDLHDLK	A0A2I1THA4;A0A124EFN1;A0A239ZQS6;W3Y6X3	
56	6814	jrudney_chenx096_20141211_14470_737ws_08_24.8487.8487.2	SLAVGGGVLEAVTAWDYER	E4LE83;D6KRC6;A0A134C8G5;W3Y290;C4FSF2;A0A2I1TGP0;A0A239YH43;D1BR10;W1V6D4;W1UXP7	
57	5892	jrudney_chenx096_20141211_14470_737ws_08_24.7411.7411.2	AKFEELTADLVQATIEPTRK	T0T2P1;A0A134BWW5;A0A2I1TIN2;E1L8M9;D1YR46;A0A1V0XBV0;A0A239Z1M9;C4FQZ0;D6KMT9;A0A134BT09;L1PZ54	
58	7291	jrudney_chenx096_20141211_14470_737ws_08_24.9044.9044.3	EMDKPFLMPVEDVFTITGR	U3Q4P0;D0JAK7	
59	6619	jrudney_chenx096_20141211_14470_737ws_08_24.8260.8260.3	DTDKPFLMPVEDVFTITGR	E4LBN4;G5GQF3;A0A0C2V155;E1L6A7;A0A081NVB1;A0A0U2INL2;A0A1H9D8W8;E1LAL6;A0A1H8UZ82;D6KQK6;A0A1B3X5W2;L1PWB8;A0A0D5NIS3;E1LE21;A0A1I2YAR9;A0A134C5I3;E4LBL6;A0A1I3V276;S2ZTF5;A0A0U0IGI4;A0A239ZQR0;D1BP65;C4FNA6;A0A1V0XDN0;A0A1H2RMB0;C4FSW6;A0A1G4VYR6;A0A0Q1GHG4;T0T2A6;A0A239RAQ0;C4FNC4;D6KM36;A0A109WI72;A0A134BUB2;E4LI88;D6KQI8;A0A1V0XDE0;A0A1I6ZQD9;W1WL88;E7N1T5;A0A1G4PQ21;A0A2J8AXT7;I0GNQ6;D6KM38;W3Y7T7;A0A0K1FG08;A0A1I3BNY5;A0A015L1S7	
60	5692	jrudney_chenx096_20141211_14470_737ws_08_24.7178.7178.2	IAPLVIQDNELLVGAPNGGAR	A0A1E9DXN0	
61	2314	jrudney_chenx096_20141211_14470_737ws_08_24.3237.3237.2	YADEYEGDAALKR	A0A0T7Z471;A0A0F2CX59;A0A0F2E4H1;A0A064C1Y5;A0A081S8L3;A0A095ZFM0;A0A139PX16;A0A081PW14;A0A0E2P5G2;A0A0F2DGU9	
62	6119	jrudney_chenx096_20141211_14470_737ws_08_24.7676.7676.2	IDELMAAVDSYIPTPVR	A0A239ZQR0;L1PWB8;A0A1V0XDE0;W1WL88;E1LE21;C4FSW6;W3Y7T7;E1LAL6;S2ZTF5	
63	4707	jrudney_chenx096_20141211_14470_737ws_08_24.6029.6029.4	SVHAYIMGEHGDSEFAVWSHANVAGVK	A0A0F2D2Y8;I0SGM2;F3SHJ6;A0A0F2CLG5;A0A139PE60;A0A081QCG3;A0A0X8UXQ3;A0A0E4CTR6;A0A095ZCB8;A0A0A6UWX7;A0A139MUY7;A0A0A0DGR0;A0A1E8UAT9;A0A139NMC1;A0A127TRQ3;A0A0F2DZ76;A0A0T8U7G0;A0A139NSS0;A0A1L8MP28	
64	3423	jrudney_chenx096_20141211_14470_737ws_08_24.4531.4531.2	AATNEEVNQMIEDR	F9LWQ5;A0A024DD95;A0A1X1FRP0;A0A081R4Z1;A0A1X1J196;A0A1E9G7E5;A0A0F2DJ60	
65	7309	jrudney_chenx096_20141211_14470_737ws_08_24.9065.9065.4	LLFDDIPFLEDAQKEHDAFAEALR	A0A2I1TV46;K8MK81;F9HHH3;A0A1E8UVV0;U5P6Y5	
66	702	jrudney_chenx096_20141211_14470_737ws_08_24.1356.1356.2	GSASPINKR	A0A1G6BHU0;A0A172QA81;A0A1Y3GSE9;A0A089WYJ1;G5JXR9;A0A139RP72;A0A089YQ49;A3CK68;A0A0T9GZJ9;A8AZM0;C2LU54;A0A0C1HTS7;A0A0T7T710;A0A0E2UGB0;B2GDW4;A0A133N7C4;S0NPN7;A0A0R1G6N2;A0A0W7UZY6;A0A089X415;E6J2T8;A0A089WWL6;A0A0T8ADA3;I0S6N9;A0A116LGL2;A0A0T8AX26;A0A1E8U0D6;A0A0K2RWL3;J3A5A3;T1ZGY1;A0A1F0ZRC0;B5E6G0;A0A139MID8;A0A0F2CVH9;A0A139NHN5;A0A089X213;A0A0D0YT81	
67	4997	jrudney_chenx096_20141211_14470_737ws_08_24.6367.6367.3	TLVTYSLFDEHNNFNHEAFQNR	D6KI93;F5KZ42;W1WRJ9;W1UWF5;A0A134C2N3;A0A134BTL8	
68	4227	jrudney_chenx096_20141211_14470_737ws_08_24.5469.5469.2	IANQVNIPGFR	A0A133S1K9	
69	6535	jrudney_chenx096_20141211_14470_737ws_08_24.8162.8162.2	DTDKPFLMPVEDVFTITGR	E4LBN4;G5GQF3;A0A0C2V155;E1L6A7;A0A081NVB1;A0A0U2INL2;A0A1H9D8W8;E1LAL6;A0A1H8UZ82;D6KQK6;A0A1B3X5W2;L1PWB8;A0A0D5NIS3;E1LE21;A0A1I2YAR9;A0A134C5I3;E4LBL6;A0A1I3V276;S2ZTF5;A0A0U0IGI4;A0A239ZQR0;D1BP65;C4FNA6;A0A1V0XDN0;A0A1H2RMB0;C4FSW6;A0A1G4VYR6;A0A0Q1GHG4;T0T2A6;A0A239RAQ0;C4FNC4;D6KM36;A0A109WI72;A0A134BUB2;E4LI88;D6KQI8;A0A1V0XDE0;A0A1I6ZQD9;W1WL88;E7N1T5;A0A1G4PQ21;A0A2J8AXT7;I0GNQ6;D6KM38;W3Y7T7;A0A0K1FG08;A0A1I3BNY5;A0A015L1S7	
70	6091	jrudney_chenx096_20141211_14470_737ws_08_24.7644.7644.2	MISVFDTNPVVFESTDR	W1UX31;D1BPT3;A0A239ZWQ9;D1YPF0;D6KJI0;A0A2I1THS0	
71	6516	jrudney_chenx096_20141211_14470_737ws_08_24.8139.8139.4	ANTETYGTPVPTTVPLTVEPGPFIVVTGHDLHDLK	A0A2I1THA4;A0A124EFN1;A0A239ZQS6;W3Y6X3	
72	4316	jrudney_chenx096_20141211_14470_737ws_08_24.5573.5573.2	LGIRPQEISTQVLPR	F2C9V8;A0A1E9DT90	
73	4737	jrudney_chenx096_20141211_14470_737ws_08_24.6064.6064.2	VLEQPSSGFLGIGR	A0A134BW84;D1BQ72;T0U3V1;D6KJ52;A0A100YQ55;W1V363;K9DIF5;D6KPG6;W1UYD9	
74	5409	jrudney_chenx096_20141211_14470_737ws_08_24.6848.6848.3	EVAFGEYGLQATTSHWITNR	A0A0T7T3R9;A0A0U2W868;T1ZGK8;A0A1S1H1K3;A0A1F0ZSC0;A0A2I1U459;A0A139NNH5;A0A0P0NBD9;A0A095ZEK3;A3CK70;A0A0C1K3D1;A0A2I1UJQ9;A0A1C7CAV8	
75	3779	jrudney_chenx096_20141211_14470_737ws_08_24.4946.4946.3	NGTIPHSVTGVFGAGR	L1PPX5;A0A124EFM9;D6KQM5	
76	5462	jrudney_chenx096_20141211_14470_737ws_08_24.6910.6910.3	TQDTHNSSQDYNPWIGSINAGLSYR	A0A1S1FTX3	
77	7405	jrudney_chenx096_20141211_14470_737ws_08_24.9177.9177.2	DTDKPLLLPVEDVFSITGR	A0A0V7XXJ9;A0A139Q9A6;A0A0P6S287;A0A139N847;A0A074J0H1;A0A068AX70;A0A239XAW3;A0A0F2CHU7;A0A0E2Q2Q4;A0A139MSW0;A0A0F2DZD6;A0A068AVD8;A0A0T9AK66;A0A1C3SQA8;A0A068AZL7;A0A068AX89;U2KP19;E9JSD9;A0A0F2E0T5;A0A068AZM0;A0A0A6S7A0;A0A068AXL7;A0A1Q8RH34;A0A1F0Y638;A8AWA0;A0A0C1K7P6;A0A068AXM2;A0A0E3WFP9;A0A081QC88;A0A060RLJ8;A0A089VMG5;A0A1F0ZYK7;A0A0F2CEN3;A0A068AXD9;A0A134D8Y6;D2ERE6;A0A068AXB5;A0A1Q8EFI2;A0A133CT44;A0A139NMV1;A0A1V2SQ62;B5XKI1;A0A068AVI8;A0A068AXP7;B9DRL9;A0A068AZM1;A0A139NJL2;A0A139PDY6;A0A0T8YMT5;B6CEF8;A0A139NRE4;A0A0T8ABN3;A0A0W7V713;E3CHK3;A0A068AVJ6;A0A068AX77;B2IQV2;A0A0Y1UR78;A0A0B7GLJ1;A0A0A0DJR7	
78	5381	jrudney_chenx096_20141211_14470_737ws_08_24.6815.6815.3	VMVDYYGSPTPINQVANISVPEPR	A0A133S578;E1L9M2;A0A134BX24	
79	6924	jrudney_chenx096_20141211_14470_737ws_08_24.8615.8615.2	VLVILEEGNEFAALSAR	A0A2I1U476;A0A1L7MXA2;B5E6F6;A0A089WYJ9;A0A089X420;A0A1X1FNW3;F3SKL0;A0A081Q9H4;A0A127TUM8;D3HB90;F9PXQ8;A0A0T7K575;A0A1V2SL06;A0A0F2CSF0;A0A0F2CYN5;A0A0E2J4Q6;A0A0Z8J7W8;A0A0B7GMC6;A0A089YQ58;A0A150NKD0;I2JA54;A0A139RP08;A0A0U0IS95;A0A081JJZ3;A0A1Q8E5I0;A0A0T8BUC4;K0Z1W9;A0A0E1XTZ4	
80	4797	jrudney_chenx096_20141211_14470_737ws_08_24.6134.6134.2	FTQAGSEVSALLGR	D6LHA2;A0A0F2CMH4;R5BDA7;A0A1I2XVD3;A0A1G5IF35;A0A1G5Y6C8;A0A0T9ADM0;A0A2C6B6C6;A0A1V5F6G8;A0A0D0IWF5;A0A1Z8NHI6;A0A095ZDA1;A0A085L1T9;A0A1A7KKX9;A0A085B6R4;A0A1D2L289;A0A0E2PKD9;A0A2G3PVQ9;A0A077UKE4;A0A033ULT3;A0A1A5IY04;A0A1L6X1Y9;K1FLE0;A0A081JI59;A0A081QPR2;H1PY35;A0A0A7LLL0;A0A1B1N3X3;A0A1G7HWC6;A0A066WVH0;A0A2A5QMZ4;F3B728;A0A0T5ZPL4;A0A0E1VG60;A0A074JG90;A0A223P470;A0A1I2QYR0;A0A0F7PSE2;A1BCJ2;A0A133NTD8;B3EJK9;A0A024DEC3;H1LXF4;A0A2I0R3I8;A0A081P3F0;A0A2B7YXJ7;U2RYT6;A0A2G4RK32;A0A1M6F779;E8RBC3;F9DH99;A0A0A0DJQ1;A0A074KVA1;F3A5N8;A0A1E9J0L4;A0A0S2ZSH2;A0A2D9HQ16;A0A2A5FMG2;A0A086AYY9;A0A134AIZ9;A0A2C6CN17;R9IP53;A0A1G0QQ85;D6GTR0;A0A2A5HQG1;A0A0F2NUG2;A0A086A6A0;E1NN96;A0A081SIE6;A0A0Q0QUZ8;C9LFW5;A0A1F8SAP4;D7WWX4;A0A069DGA3;A0A0R2ECQ1;A0A085ZB11;A0A023BY83;A0A017H4Q1;A0A081D6Q0;A0A015MH77;W1Q274;A0A0U0KK01;A0A255TD48;C3WEY3;P13356;R5PSJ8;E0E3D5;A0A1E9EIP2;C7XPR7;A0A069S0Z1;A0A0J9DET1;A0A072EM52;A0A2E1FQP6;A0A2G9E8S2;A0A1G8VFY2;A0A0P9FF56;A0A074LFS8;A0A1H9ECZ5;F8N910;A0A2C6B113;D1JMU4;A0A064BXA9;A0A0Q9NGG8;A0A096D077;E4T777;A0A095ZCJ4;A0A0T6A6S0;A0A2G6E4P2;D0J9Z3;A0A2D4ZRM2;A0A0F2DIZ2;A0A2G6M6Z6;A0A2A4D271;A0A0U1MST7;A0A222SEY6;A0A1G5DKZ1;A0A1H6SIU7;A0A1Z9CY06;X8HYY6;R7PAC2;A0A139NFQ1;T0SK32;F3A310;A0A133NBH7;A0A2D9ZDS3;A0A2H0GAM1;A0A2E6M681;R6X0B9;A0A064AIV4;A0A011SY52;R9JC07;A0A1M4VIW2;A0A0C1LB97;A0A077KJ49;R4RGE8;A0A139MZ80;A0A069D633;G5G9B7;U7UAM4;R5Z4B7;A0A0S2ZED4;A0A2G6FDZ0;A0A017NQH0;A0A0Q5SQ35;A0A0G0WC90;A0A0P6SQS9;A0A1Z9UNV6;G5GIB4;A0A1H8H2W2;A0A2D3NXF4;B4SAN6;A0A268J7Y6	
81	5372	jrudney_chenx096_20141211_14470_737ws_08_24.6805.6805.4	AQIVGASDNGEQTRLMR	M5INQ4	
82	6567	jrudney_chenx096_20141211_14470_737ws_08_24.8199.8199.3	IDAIPGLLEFDIPVHGDNR	A0A0A1DWV6;A0A0F2CZ46	
83	7165	jrudney_chenx096_20141211_14470_737ws_08_24.8897.8897.3	DHVLNNLDYYVNQFVENAEK	A0A133S5E1;E1LA34;E1L4H8	
84	4265	jrudney_chenx096_20141211_14470_737ws_08_24.5513.5513.2	IAAEGVVQSYIHAGGR	E4LCU2;E1L9M0;F5KYF0;L1PZU7;D6KMR4;A0A134BX38;C4FR14;W1W3X1	
85	4076	jrudney_chenx096_20141211_14470_737ws_08_24.5293.5293.2	GNVVEGTVVQVEDER	D6KMP0;E4LCR3;D1BMA5;C4FR40;A0A134BWI1;D6KHI1;F5KYC4;A0A239YX96;T0SVQ1;A0A2I1TIG3	
86	3200	jrudney_chenx096_20141211_14470_737ws_08_24.4271.4271.3	EVLYSDNEEEKVITR	A0A2I1UMK0;A0A081R7C4;A0A0F2DAW7;A0A0F2CLF5;A0A127TQM9;A0A081QVR9;A0A081QHY5;A0A024DED4;A0A081SD97;A0A1X1HP76;A0A0F2D191;A0A081PTP0;A0A081R073;A0A081Q6L1	
87	6696	jrudney_chenx096_20141211_14470_737ws_08_24.8349.8349.2	AMLEDIAILTGGTVITEDMGR	A0A2I1TJ07;R5BG80;A0A239Z5W9;K9DJT7;T0SWG4;A0A096ALN4;W3Y7K7;D6KN81;D1BMV8;C4FQE4;D6KI25;A0A134C252;A0A133S5W2	
88	6328	jrudney_chenx096_20141211_14470_737ws_08_24.7920.7920.2	AQVPLAEMSDYVTVLR	E1LAY7;A0A239YAS1;A0A133S6E5;J5AER8;A0A1V0XA21;L1Q1E1;S2ZYV7	
89	7333	jrudney_chenx096_20141211_14470_737ws_08_24.9093.9093.3	EMDKPFLMPVEDVFTITGR	U3Q4P0;D0JAK7	
90	6275	jrudney_chenx096_20141211_14470_737ws_08_24.7858.7858.3	QDVPAVAADLFLHVR	W1WSL7;A0A1V0XC92;C4FPB9;X8HEL1;A0A2I1TFR2;A0A134C6J7;D1YSA6;W1UWZ8;D6KNX3	
91	7147	jrudney_chenx096_20141211_14470_737ws_08_24.8876.8876.3	AVDNVNNIIAEAIIGYDVR;AVDNVNNIIAEAILGYDVR	A0A139RNI8;K0GZF7;A0A1X1K2J6;A0A100GPC0;A0A081QA14;A0A1Y3JD87;A0A127TSM0;A0A0F2D2U4;E5G5C1;A0A242IZ01;A0A0F2DWC3;A0A081QYJ6;A0A1E8UPV9;A0A1F0B0L3;A0A1G1SFA1;A0A139MBU8;S4DM25;C8NGI4;U5P8P6;E1LKY0;A0A1L8MPN9;A0A1I1UU46;A0A1S1H1A7;A0A0T7IE38;B5E4P1;A0A1X1IS63;A0A1C2CKC8;A0A178KJ02;A0A2I1TU62;A0A0T9ACW8;A0A0U0CE57;A0A0T7K4I8;A0A1A7T862;A0A1F1DA30;A0A1G9AA11;A0A081QQC5;A0A0F3HCW2;A0A095ZBH3;A0A133CMW8;A0A0H1UA29;A0A0V7YLL4;E5G5D0;A0A1X1KPB8;A0A1F0ZY04	
92	6016	jrudney_chenx096_20141211_14470_737ws_08_24.7556.7556.2	VVSWYDNEMSYTAQLVR	A0A0F2E9L8;Q1J8I3;A0A1X1KIY3;A0A0M9FFB2;I2NP51;C5NU95;A0A0F3HQ30;A0A0C1KFY6;I1ZP68;A0A081Q7S6;S3B5M3;A0A0E2UEK9;B9DVS1;A0A081QIN6;A0A1S1XXP5;A0A0A6S344;A0A172W5A9;A0A0T7T4B0;A0A0T8QQX8;A0A0U0L2D5;E1LI21;F9HFS5;A0A0F2CXS6;A0A0U0I262;A0A1F0ZVS9;J7M6M6;A0A081SDF3;A0A139M5R4;A0A0E2P3V6;Q68AZ1;A0A0F3HUJ0;A0A139PTN6;A0A0E8JNM6;G5K4Y2;A0A134A5X0;Q3Y454;A0A1E8U0P6;A0A0P6SHV4;A0A0T8BIL3;E8K1K1;D0UVL6;A0A0F2DHS3;M4YYN4;A0A0T9H3X3	
93	3889	jrudney_chenx096_20141211_14470_737ws_08_24.5075.5075.3	VLLKPAIEGAGVAAGGAVR	A0A1F0YC79;I1ZJE1;K8MM59	
94	3703	jrudney_chenx096_20141211_14470_737ws_08_24.4858.4858.3	IILRPQEISNNPGIAR;IILRPQEISNNPGLAR	A0A134C219;A0A096AM16;D6KNT8;A0A134C6Z2;D6KIN3;D1BNH2;A0A2I1TFV6;W1WC58;A0A133S1L8;L1PVS4;A0A1V0XCQ4;F5L2N8;E1LBW2;W3Y5U4;E4LBY1;W1UUP1;E1L6Q7	
95	7017	jrudney_chenx096_20141211_14470_737ws_08_24.8724.8724.3	YRPNADILALTFDELTER	A0A1E9GL77;A0A0U0L103;A0A139RA63;A0A081QQM7;A0A081PVA2;A0A139P5T6;A0A1E8UFY0;A0A0Y3K708;A0A1F1A2X1;A0A1V0H374;A0A0F5MIB1;A0A0F2D8Y2;A0A139R1W5;A0A139PYW3;A0A081QCG2;F9PE10;A0A0F2CS71;A8AXW0;A0A150NID3;A0A0F2DBB3;A0A1X1IAF2;A0A139PTC3;A0A0F3HJC3;A0A064C0M3;D0RVG4;F9PU60;I0SSN1;A0A081QY91;A0A095ZAE5;A0A178KIS8;A0A134D8E0;A0A0M3SKB2;A0A139N2C6;A0A0F2CND6;K8MMW9;A0A0F3HV08;A0A139Q9P1;A0A139RKQ5;A0A139PQW5;A0A081Q2U7	
96	4473	jrudney_chenx096_20141211_14470_737ws_08_24.5756.5756.2	ALAAAGLEVTAIR	A0A139NML5;A0A0T9AHC9;A0A1H0SAI9;A0A0Y1VYB8;A0A133RX92;A0A239SWY0;A0A172QA39;A0A0P6S9I9;A4VYR7;A0A139NHI9	
97	6782	jrudney_chenx096_20141211_14470_737ws_08_24.8450.8450.2	TNRPLLIIADDVDGEALPTLVLNK	A8AZE1;A0A1C2CWY3;A0A142J578;A0A139N572;E8JWR2;C0SN56;A0A139MIV6;A0A0F2CQ46;A0A0F2CKH9;A0A139NIL0;N0CF34;D1KK80;C0SN26;A0A0M4K272;A9QLG4;Q93TL0;A0A0F3HQ99;C0SN27	
98	6910	jrudney_chenx096_20141211_14470_737ws_08_24.8599.8599.2	TAIEEGIDLVVAGAGFSR	A0A239YTM8;S3A0H3;W1V8Q8;E1LCE0;A0A134BVR3;A0A096BXI2;D1YMT8;W1WD63;D6KMD5;F5KY06	
99	4013	jrudney_chenx096_20141211_14470_737ws_08_24.5219.5219.2	FVGLVGSNYDQSYNR	A0A1F0K8X2;A0A139NYY8;A0A0T8BJR8;A0A0Y3K622;A0A0U0KRE5;A8AXE7;A0A0T7K4N9;A0A0T7ZQ65;A0A0F3HF73;I0SSM9;A0A064C0N4;A0A139PXB1;A0A062WLR8;A0A0X8JXZ3;A0A1L8Q698;A0A081PXU8;F5VUA2;A0A0T8D5B4;A0A1H0P5D8;A0A1F0BIH2;A0A0D6J7K9;A0A0T9ZSD5;A0A2I1Z2A3;A0A081QAK9;F9LY54;A0A0B7M5C0;A0A1X0WUL4;A0A095ZHL0;A0A0F2E0C0;A0A139PDM1	
100	5108	jrudney_chenx096_20141211_14470_737ws_08_24.6497.6497.3	FIETVGTYNPLVAENQVTLKEDR	A0A239WWR5;A0A150NHS9;A0A0A6S675;A8AXU4;A0A1L7MUZ1;A3CNF4;W1UQZ2;A0A1F0NG01;A0A0E2UC23;A0A264S9B6;A0A0D1B6L7;A0A1Q8RHN6;A0A0M4JM12;A0A139MS46	
101	6397	jrudney_chenx096_20141211_14470_737ws_08_24.8001.8001.3	VVDHFGDLNVVVNNAGVAPTTPLDTITEEQFTR	A0A1F2GEN3;V8BH32;A0A1F0AXF8;A0A0T8EE38;A0A1F0YGE1;A0A134DCA8;A0A0F2CLW8;I1ZLJ1;D0RTM5;A0A1X1JIY5;A0A0F3H478;F8DGG4	
102	5923	jrudney_chenx096_20141211_14470_737ws_08_24.7448.7448.3	AKFEELTADLVQATIEPTRK	T0T2P1;A0A134BWW5;A0A2I1TIN2;E1L8M9;D1YR46;A0A1V0XBV0;A0A239Z1M9;C4FQZ0;D6KMT9;A0A134BT09;L1PZ54	
103	3172	jrudney_chenx096_20141211_14470_737ws_08_24.4238.4238.2	LAGVEDDVNVSDADAR	A0A133S2Z8;W1W7M9;A0A134C331;D6KID2;E1L984;A0A239ZBY4;A0A134C800;E4LDK3;D6KNI5	
104	7254	jrudney_chenx096_20141211_14470_737ws_08_24.9000.9000.2	AVDNVNNIIAEAIIGYDVR;AVDNVNNIIAEAILGYDVR	A0A139RNI8;K0GZF7;A0A1X1K2J6;A0A100GPC0;A0A081QA14;A0A1Y3JD87;A0A127TSM0;A0A0F2D2U4;E5G5C1;A0A242IZ01;A0A0F2DWC3;A0A081QYJ6;A0A1E8UPV9;A0A1F0B0L3;A0A1G1SFA1;A0A139MBU8;S4DM25;C8NGI4;U5P8P6;E1LKY0;A0A1L8MPN9;A0A1I1UU46;A0A1S1H1A7;A0A0T7IE38;B5E4P1;A0A1X1IS63;A0A1C2CKC8;A0A178KJ02;A0A2I1TU62;A0A0T9ACW8;A0A0U0CE57;A0A0T7K4I8;A0A1A7T862;A0A1F1DA30;A0A1G9AA11;A0A081QQC5;A0A0F3HCW2;A0A095ZBH3;A0A133CMW8;A0A0H1UA29;A0A0V7YLL4;E5G5D0;A0A1X1KPB8;A0A1F0ZY04	
105	6585	jrudney_chenx096_20141211_14470_737ws_08_24.8220.8220.2	DVDKDFLMPVEDVFTITGR	A0A0P7AZ68;A0A1N7AD12;A0A1I6FPF9;A0A0N8WFU2;A0A1M5PH48;A0A1H4J9K4;A0A1K1RMA2;A0A285N2M6	
106	5228	jrudney_chenx096_20141211_14470_737ws_08_24.6637.6637.3	TTTTSRPASTTNTNSGIPDIPVFMK	D6KNF0	
107	1766	jrudney_chenx096_20141211_14470_737ws_08_24.2598.2598.2	KQAAEAVAEEATR	F8LGG4;A0A0Y1WXQ5;A0A0E2Q5G6;I0QJG0;Q03MW7;Q5M6G5	
108	6404	jrudney_chenx096_20141211_14470_737ws_08_24.8009.8009.3	DVDKPFMMPVEDVFSITGR	C8NH26;Q9RGL4	
109	4685	jrudney_chenx096_20141211_14470_737ws_08_24.6003.6003.2	VLEQPSNGFLGIGR;VIEQPSNGFLGIGR	E1L4Q4;A0A133S032;A0A134BV49;C4FMJ3	
110	6711	jrudney_chenx096_20141211_14470_737ws_08_24.8367.8367.3	DTDKPFLMPVEDVFTITGR	E4LBN4;G5GQF3;A0A0C2V155;E1L6A7;A0A081NVB1;A0A0U2INL2;A0A1H9D8W8;E1LAL6;A0A1H8UZ82;D6KQK6;A0A1B3X5W2;L1PWB8;A0A0D5NIS3;E1LE21;A0A1I2YAR9;A0A134C5I3;E4LBL6;A0A1I3V276;S2ZTF5;A0A0U0IGI4;A0A239ZQR0;D1BP65;C4FNA6;A0A1V0XDN0;A0A1H2RMB0;C4FSW6;A0A1G4VYR6;A0A0Q1GHG4;T0T2A6;A0A239RAQ0;C4FNC4;D6KM36;A0A109WI72;A0A134BUB2;E4LI88;D6KQI8;A0A1V0XDE0;A0A1I6ZQD9;W1WL88;E7N1T5;A0A1G4PQ21;A0A2J8AXT7;I0GNQ6;D6KM38;W3Y7T7;A0A0K1FG08;A0A1I3BNY5;A0A015L1S7	
111	5589	jrudney_chenx096_20141211_14470_737ws_08_24.7058.7058.3	QGLMTTIHAYTGDQMILDGPHR;QGLMTTIHAYTGDQMLLDGPHR	A0A0E2UEK9;K9JK96;A0A074JDF4;B9DVS1;B9UYS0;A0A172W5A9;B9UYS1;A0A0H1UZQ7	
112	4147	jrudney_chenx096_20141211_14470_737ws_08_24.5376.5376.3	DDATIPEADKEYEELTR	A0A239ZQV0;E4LBM2;D6KQJ9;A0A100YNM9;D1BP71;C4FNB9;W3Y416	
113	5165	jrudney_chenx096_20141211_14470_737ws_08_24.6563.6563.3	AGFNHDGSQFGSWPNWDNVR	F0ET45;E1W612;A0A1B8QZJ2;A0A1B8T5V9;A0A1S1FWT7	
114	6955	jrudney_chenx096_20141211_14470_737ws_08_24.8652.8652.2	DTDKPFLMPVEDVFTITGR	E4LBN4;G5GQF3;A0A0C2V155;E1L6A7;A0A081NVB1;A0A0U2INL2;A0A1H9D8W8;E1LAL6;A0A1H8UZ82;D6KQK6;A0A1B3X5W2;L1PWB8;A0A0D5NIS3;E1LE21;A0A1I2YAR9;A0A134C5I3;E4LBL6;A0A1I3V276;S2ZTF5;A0A0U0IGI4;A0A239ZQR0;D1BP65;C4FNA6;A0A1V0XDN0;A0A1H2RMB0;C4FSW6;A0A1G4VYR6;A0A0Q1GHG4;T0T2A6;A0A239RAQ0;C4FNC4;D6KM36;A0A109WI72;A0A134BUB2;E4LI88;D6KQI8;A0A1V0XDE0;A0A1I6ZQD9;W1WL88;E7N1T5;A0A1G4PQ21;A0A2J8AXT7;I0GNQ6;D6KM38;W3Y7T7;A0A0K1FG08;A0A1I3BNY5;A0A015L1S7	
115	5833	jrudney_chenx096_20141211_14470_737ws_08_24.7343.7343.3	TENPNNILGTFSTISSIDHGTK	A0A024DEY3;A0A0F2CUI8	
116	6809	jrudney_chenx096_20141211_14470_737ws_08_24.8481.8481.2	LLEDLEVLIESSSR	E4LCR9;D6KMP6;W1V4T8;L1PYV1;S2ZTK7;E1LDD4	
117	701	jrudney_chenx096_20141211_14470_737ws_08_24.1355.1355.2	TQDATHGNSLSHR	P94799;A0A2J5CTH5;A0A0Q3BM25;A0A0N2CX83;A0A1T0AZ86;A5UHT0;A0A1V2BX40;A0A143CH61;A0A1V4B440;A0A209N2W4;Q4QMC2;G4A6P9;A0A0K1N193;A0A0F5F2G7;A0A142FZ70;A0A0A3ZLL0;A0A1Y0J7U4;A0A074TMY7	
118	5433	jrudney_chenx096_20141211_14470_737ws_08_24.6876.6876.2	DIAMQIAAVNPTYLNR	E4LCU2;E1L9M0;F5KYF0;W3Y5W4;D6KMR4;A0A134BX38;C4FR14;W1W3X1	
119	2945	jrudney_chenx096_20141211_14470_737ws_08_24.3973.3973.2	GVEISEEEALKDR	E1L982;A0A1V0XCM0;A0A133S2Y3;E1L547	
120	6770	jrudney_chenx096_20141211_14470_737ws_08_24.8436.8436.4	ESGFISGLVAVLHDTTEQEKEER	J4UMV2;A0A024DDZ1	
121	6481	jrudney_chenx096_20141211_14470_737ws_08_24.8099.8099.2	DTDKPFLMPVEDVFTITGR	E4LBN4;G5GQF3;A0A0C2V155;E1L6A7;A0A081NVB1;A0A0U2INL2;A0A1H9D8W8;E1LAL6;A0A1H8UZ82;D6KQK6;A0A1B3X5W2;L1PWB8;A0A0D5NIS3;E1LE21;A0A1I2YAR9;A0A134C5I3;E4LBL6;A0A1I3V276;S2ZTF5;A0A0U0IGI4;A0A239ZQR0;D1BP65;C4FNA6;A0A1V0XDN0;A0A1H2RMB0;C4FSW6;A0A1G4VYR6;A0A0Q1GHG4;T0T2A6;A0A239RAQ0;C4FNC4;D6KM36;A0A109WI72;A0A134BUB2;E4LI88;D6KQI8;A0A1V0XDE0;A0A1I6ZQD9;W1WL88;E7N1T5;A0A1G4PQ21;A0A2J8AXT7;I0GNQ6;D6KM38;W3Y7T7;A0A0K1FG08;A0A1I3BNY5;A0A015L1S7	
122	6350	jrudney_chenx096_20141211_14470_737ws_08_24.7946.7946.4	EDAGNAAGTAPMLATMSTPGLAAGAISR	A0A2E9NA52	
123	6863	jrudney_chenx096_20141211_14470_737ws_08_24.8544.8544.2	YYDFIDQFVQTAER	A0A0F2DTP2	
124	3906	jrudney_chenx096_20141211_14470_737ws_08_24.5094.5094.2	VLLKPAIEGAGVAAGGAVR	A0A1F0YC79;I1ZJE1;K8MM59	
125	6714	jrudney_chenx096_20141211_14470_737ws_08_24.8370.8370.3	KGFTFDDVLLIPAESHVLPNDADLTTK	A0A0T7K9S7;E1M746;A0A081S8D1;A0A0T8EJX0;A0A081Q836;A0A095ZES7;A0A0F2CG01;A0A0M5KLX4;A0A0B7M2D8;A0A081PS66;A0A0T7Z8A1;A0A139Q2M1	
126	6806	jrudney_chenx096_20141211_14470_737ws_08_24.8478.8478.3	DTDKPFLMPVEDVFTITGR	E4LBN4;G5GQF3;A0A0C2V155;E1L6A7;A0A081NVB1;A0A0U2INL2;A0A1H9D8W8;E1LAL6;A0A1H8UZ82;D6KQK6;A0A1B3X5W2;L1PWB8;A0A0D5NIS3;E1LE21;A0A1I2YAR9;A0A134C5I3;E4LBL6;A0A1I3V276;S2ZTF5;A0A0U0IGI4;A0A239ZQR0;D1BP65;C4FNA6;A0A1V0XDN0;A0A1H2RMB0;C4FSW6;A0A1G4VYR6;A0A0Q1GHG4;T0T2A6;A0A239RAQ0;C4FNC4;D6KM36;A0A109WI72;A0A134BUB2;E4LI88;D6KQI8;A0A1V0XDE0;A0A1I6ZQD9;W1WL88;E7N1T5;A0A1G4PQ21;A0A2J8AXT7;I0GNQ6;D6KM38;W3Y7T7;A0A0K1FG08;A0A1I3BNY5;A0A015L1S7	
127	3962	jrudney_chenx096_20141211_14470_737ws_08_24.5160.5160.4	YNAQFSSLEALHHVANGR	A0A0M4K6P8;A0A1E9DYF7;A0A0F3HT97;A0A139NG39;A0A1F2GJA8;A0A1V0H2E5	
128	3572	jrudney_chenx096_20141211_14470_737ws_08_24.4705.4705.3	VLLKPAVEGAGVAAGGAVR	U2J9N9;A0A060RIT2;A0A239XJL1;A0A1F0REZ3;A0A139NH60;A0A0H1GQ57	
129	4638	jrudney_chenx096_20141211_14470_737ws_08_24.5948.5948.4	EVVVEVVDNGDGTLSAKVK	F3B8A5	
130	6324	jrudney_chenx096_20141211_14470_737ws_08_24.7915.7915.3	GMGDVLVIGGGVIPDADIPGLKK	T0UFK7;C4FPF4;L1PVM4;W1V393;A0A239ZGB0;A0A134C6Y5;E1L6Q9;E1LBW4;D6KNT6	
131	4526	jrudney_chenx096_20141211_14470_737ws_08_24.5818.5818.2	HFSQFLQELR	A0A134C4D9;L1PY80;D6KQB6;A0A239ZTD8;E4LFN7;E1LA77;D1YPY0;E1L4A0	
132	4757	jrudney_chenx096_20141211_14470_737ws_08_24.6087.6087.2	VLAWLENGAQPSDTVR	A8AXU4	
133	6123	jrudney_chenx096_20141211_14470_737ws_08_24.7681.7681.2	LLDYAEAGDNIGALLR	K0HG71;F3A294;A0A0U1MF82;A0A1R1EQR0;A0A0G7HEC3;A0A133N7C6;A0A0T8FFP3;A0A0H1TTR1;A0A068AZU7;A0A1T4K9R2;D7WZP4;A9LLG0;A0A068B2D0;A0A089V7Z2;Q5WLR4;A0A068B101;A7L748;A0A0T8PWM4;Q9RGL8;A0A089VEQ4;F3A8I5;A0A1E4R055;A0A0E1XZI7;A0A0E1VH70;A0A242J3B0;D7R4L0;A0A0E8TMI3;A0A068AZU8;A0A077UHH2;A0A133CTY1;A0A089VDX4;A0A181DV42;A0A0X9VFB7;A0A268NTY2;A0A0K0TQ88;A0A0V7YLV5;A0A068B1D5;S0IYN1;G5IPJ5;A0A242BEA8;A7L757;A0A1E7DX61;U2RZ07;Q9EZX0;A0A0U0DDQ2;A0A2I0UXL8;A0A1A7TQ16	
134	5294	jrudney_chenx096_20141211_14470_737ws_08_24.6714.6714.4	SVWDWVAPAKDEELIAKVAALGDEALR	A0A080NMN2	
135	7175	jrudney_chenx096_20141211_14470_737ws_08_24.8908.8908.3	TMENYFVGYETVVNFISQEELDRDHK	E4LE47;D6KR83;A0A134C8X5;A0A134C026;F5L0I9	
136	3982	jrudney_chenx096_20141211_14470_737ws_08_24.5183.5183.2	YVVAIANSGTFR	F2BSC1;A0A166VL89	
137	6009	jrudney_chenx096_20141211_14470_737ws_08_24.7548.7548.3	MEQFLENIKDLEVTTVAR	A0A0F2E5J3;A0A095ZNQ5;A0A139P1S6;A0A024DF02	
138	6823	jrudney_chenx096_20141211_14470_737ws_08_24.8498.8498.3	SHPDEVEAPEGITFELPNPTTIVVSGISK	A0A1X1GY18;A0A0F2E5I4;F9HEV8;A0A081Q9G0;A0A139NW44;A0A139QEJ1;A0A127TUN5;A0A139RP59;A3CK79;A0A1E8USZ6;A0A064C5Q4;A0A1X1IZR5;F0FP93;B5E6H0;A0A024DGC2	
139	5955	jrudney_chenx096_20141211_14470_737ws_08_24.7485.7485.3	FDGFVHAIAFAPGDQLDGDYVNAATR	A0A0F5EQU8;A0A0E1RJF3;A0A0Y7M7K1;A0A1B8R0F3;A0A1B8QRK8;A0A1R0EB25;A0A0N2CV04;A0A0K1N2X2;F9H8D5;U1R4Y1;A0A0D0GXJ8;A0A0M1GHE9;A0A1F0UG57;A0A0H4HQI8;A0A0F5EXP4;F0ESX2;F9GWA9;A0A1B8PEY8;U1R6L8	
140	5935	jrudney_chenx096_20141211_14470_737ws_08_24.7462.7462.2	VVSWYDNEMSYTAQLVR	A0A0F2E9L8;Q1J8I3;A0A1X1KIY3;A0A0M9FFB2;I2NP51;C5NU95;A0A0F3HQ30;A0A0C1KFY6;I1ZP68;A0A081Q7S6;S3B5M3;A0A0E2UEK9;B9DVS1;A0A081QIN6;A0A1S1XXP5;A0A0A6S344;A0A172W5A9;A0A0T7T4B0;A0A0T8QQX8;A0A0U0L2D5;E1LI21;F9HFS5;A0A0F2CXS6;A0A0U0I262;A0A1F0ZVS9;J7M6M6;A0A081SDF3;A0A139M5R4;A0A0E2P3V6;Q68AZ1;A0A0F3HUJ0;A0A139PTN6;A0A0E8JNM6;G5K4Y2;A0A134A5X0;Q3Y454;A0A1E8U0P6;A0A0P6SHV4;A0A0T8BIL3;E8K1K1;D0UVL6;A0A0F2DHS3;M4YYN4;A0A0T9H3X3	
141	5119	jrudney_chenx096_20141211_14470_737ws_08_24.6510.6510.3	VVYISPDTTVAHAADIMR;VVYISPDTTVAHAADLMR	A0A139NYJ2;A0A0F2CKC3;A0A081R6W1;A0A139ME17;E1M5B4;A0A024DG99;A0A0X8JYZ4;A0A0C1K5V7;A0A0F5MJ53;A0A095ZGW2;A0A0F3HTC5;A0A0F3HGZ4;A0A0E2IUE2	
142	7057	jrudney_chenx096_20141211_14470_737ws_08_24.8771.8771.3	DTDKPLLLPVEDVFSITGR	A0A0V7XXJ9;A0A139Q9A6;A0A0P6S287;A0A139N847;A0A074J0H1;A0A068AX70;A0A239XAW3;A0A0F2CHU7;A0A0E2Q2Q4;A0A139MSW0;A0A0F2DZD6;A0A068AVD8;A0A0T9AK66;A0A1C3SQA8;A0A068AZL7;A0A068AX89;U2KP19;E9JSD9;A0A0F2E0T5;A0A068AZM0;A0A0A6S7A0;A0A068AXL7;A0A1Q8RH34;A0A1F0Y638;A8AWA0;A0A0C1K7P6;A0A068AXM2;A0A0E3WFP9;A0A081QC88;A0A060RLJ8;A0A089VMG5;A0A1F0ZYK7;A0A0F2CEN3;A0A068AXD9;A0A134D8Y6;D2ERE6;A0A068AXB5;A0A1Q8EFI2;A0A133CT44;A0A139NMV1;A0A1V2SQ62;B5XKI1;A0A068AVI8;A0A068AXP7;B9DRL9;A0A068AZM1;A0A139NJL2;A0A139PDY6;A0A0T8YMT5;B6CEF8;A0A139NRE4;A0A0T8ABN3;A0A0W7V713;E3CHK3;A0A068AVJ6;A0A068AX77;B2IQV2;A0A0Y1UR78;A0A0B7GLJ1;A0A0A0DJR7	
143	7252	jrudney_chenx096_20141211_14470_737ws_08_24.8998.8998.2	DADINDLVKPGETLELLVLR	E8KPD8;F0I266;A0A0B7GNP1;A0A139MV59;A0A139NSG9;F0IM99;F9P696;A0A2I1ZCS2;I0SG96;F3UAU1;F2BRX0;A0A1F0YFU4;A0A0C1K6G5;I2NC45;A0A1F1CHE1;A3CN72;I1ZLP6;A0A139QIZ1;F2CCF0	
144	2980	jrudney_chenx096_20141211_14470_737ws_08_24.4014.4014.4	VQHVAQYLVNHGVSADR	A0A2I1TEY6;D6KQX4;A0A134BXF6;D1BL94;T0UJ87	
145	6490	jrudney_chenx096_20141211_14470_737ws_08_24.8109.8109.3	MIAEGVQGVEFIVANTDTQALR	C8NFH9	
146	4645	jrudney_chenx096_20141211_14470_737ws_08_24.5957.5957.2	SLAITNVVGSSISR	L1Q0Z3;E4LE73;A0A134C004;T0T953;A0A239YFA9;A0A133S6D9;E1L9S9;A0A134C8F0;A0A2I1TGQ1;W1UYI4;D6KRB6;E1L3X2;D1YND0;D6KL51;F5KZQ9	
147	6991	jrudney_chenx096_20141211_14470_737ws_08_24.8694.8694.4	DPVSNSFQVSGTFSNMDGQSWEQYMGANVSLVAK	A0A1Y4I0T8	
148	3701	jrudney_chenx096_20141211_14470_737ws_08_24.4855.4855.2	SLAAGASGIWVTNHGGR	A0A024DFZ4	
149	5445	jrudney_chenx096_20141211_14470_737ws_08_24.6890.6890.3	DIAMQIAAVNPTYLNR	E4LCU2;E1L9M0;F5KYF0;W3Y5W4;D6KMR4;A0A134BX38;C4FR14;W1W3X1	
150	1607	jrudney_chenx096_20141211_14470_737ws_08_24.2412.2412.2	DGQPGVDGAPGTTTTR	T0U334;W1UR43;D6KPC3;A0A2I1TFD1;W3Y4U8;W3Y2J3;F5L0X2;D6KJ11;D6KPB8;F5L0W7;A0A239Y546	
151	4071	jrudney_chenx096_20141211_14470_737ws_08_24.5287.5287.3	EDATIPEADKEYEELTR	E1L696;X8HCV8;A0A1V0XCY9;E1LE26;A0A134C1I2	
152	6850	jrudney_chenx096_20141211_14470_737ws_08_24.8529.8529.2	EMDKEFLMPVEDVFTITGR	L7YBT3	
153	5989	jrudney_chenx096_20141211_14470_737ws_08_24.7525.7525.3	QGLMTTIHAYTGDQMILDGPHR;QGLMTTIHAYTGDQMLLDGPHR	A0A0E2UEK9;K9JK96;A0A074JDF4;B9DVS1;B9UYS0;A0A172W5A9;B9UYS1;A0A0H1UZQ7	
154	2672	jrudney_chenx096_20141211_14470_737ws_08_24.3655.3655.3	IAVIGYGSQGHAHAQNLR	A0A0T8DJ21;A0A096BGH2;A0A081QKV1;A0A0M9FNV8;F3SLC8;A0A0F2DFX8;A0A0T8SGK7;E8JXH9;A0A0U0LHW5;A0A0A0DH55;A0A0F2DZA9;A0A0F2CH37;A0A081PYN5;A0A0T7ZTU0;A0A064BZB7;A0A0B7LRM3;A8AVN4;A0A139NDK4;A0A074IPM8;A0A0B7GSV3	
155	4648	jrudney_chenx096_20141211_14470_737ws_08_24.5960.5960.2	IGGGVGISLSNLR	D0RW34;A0A0B7GP08;A0A0F2CMI7;A0A074IRC1;A0A081JIM5;A0A075SRJ1;A0A091BUG7;A0A0A1DUD3;A0A0F2CW07;A0A0C1HY15;A0A139MZW6;A0A081PR54;A0A0A0DH39;A0A0D0ZGC5;A0A139NF26;A0A081SCP8;E8KBI4;A0A096BFN0;A0A060RKV6;A0A0F3HT26	
156	4157	jrudney_chenx096_20141211_14470_737ws_08_24.5387.5387.2	DDATIPEADKEYEELTR	A0A239ZQV0;E4LBM2;D6KQJ9;A0A100YNM9;D1BP71;C4FNB9;W3Y416	
157	7197	jrudney_chenx096_20141211_14470_737ws_08_24.8934.8934.2	AVDNVNNIIAEAIIGYDVR;AVDNVNNIIAEAILGYDVR	A0A139RNI8;K0GZF7;A0A1X1K2J6;A0A100GPC0;A0A081QA14;A0A1Y3JD87;A0A127TSM0;A0A0F2D2U4;E5G5C1;A0A242IZ01;A0A0F2DWC3;A0A081QYJ6;A0A1E8UPV9;A0A1F0B0L3;A0A1G1SFA1;A0A139MBU8;S4DM25;C8NGI4;U5P8P6;E1LKY0;A0A1L8MPN9;A0A1I1UU46;A0A1S1H1A7;A0A0T7IE38;B5E4P1;A0A1X1IS63;A0A1C2CKC8;A0A178KJ02;A0A2I1TU62;A0A0T9ACW8;A0A0U0CE57;A0A0T7K4I8;A0A1A7T862;A0A1F1DA30;A0A1G9AA11;A0A081QQC5;A0A0F3HCW2;A0A095ZBH3;A0A133CMW8;A0A0H1UA29;A0A0V7YLL4;E5G5D0;A0A1X1KPB8;A0A1F0ZY04	
158	6407	jrudney_chenx096_20141211_14470_737ws_08_24.8012.8012.2	GLLEEYGINITEIAR	A0A024DFV6	
159	3839	jrudney_chenx096_20141211_14470_737ws_08_24.5016.5016.3	IAVIGYGSQGHAHAQNLR	A0A0T8DJ21;A0A096BGH2;A0A081QKV1;A0A0M9FNV8;F3SLC8;A0A0F2DFX8;A0A0T8SGK7;E8JXH9;A0A0U0LHW5;A0A0A0DH55;A0A0F2DZA9;A0A0F2CH37;A0A081PYN5;A0A0T7ZTU0;A0A064BZB7;A0A0B7LRM3;A8AVN4;A0A139NDK4;A0A074IPM8;A0A0B7GSV3	
160	5880	jrudney_chenx096_20141211_14470_737ws_08_24.7397.7397.3	GGAIEGAVASKEEILALATLPNR;GGAIEGAVASKEEIIALATLPNR	A0A0T8S8H2;A0A0F2DUR3;A0A0E9GXI9;A0A081PXW8;A0A1X1KUQ5;A0A139RK16;A0A081QPL2;A0A0B7GNE6;A0A139REC0;A0A0X8UXY8;A0A0F2DX26;A0A081QBZ1;A0A0A0DI13	
161	6214	jrudney_chenx096_20141211_14470_737ws_08_24.7787.7787.2	QVDFGEYGLQATTSHWITNR	A0A239SX17	
162	3313	jrudney_chenx096_20141211_14470_737ws_08_24.4403.4403.3	VLLKPAVEGSGVAAGGAVR	A0A0D1ASJ4;A0A139NNM1;A0A0E4CTT2;A0A139PLT3;A0A139PAC6;A0A0H3BVE1;Q04ML9;A0A0F2E3B3;A0A0T8AFR4;A0A0E1DZF6;A0A0A6S2P0;A0A0P6SLC1;J5GJP8;A0A139RP93;A0A1X1H984;A0A0M4JTX7;A8AZK8;A0A1X1G7U9;A0A139RBM7;A0A095ZEI8;G6A6Z5;A0A0E2UD75;A0A1X0WPR7;A3CK81	
163	7187	jrudney_chenx096_20141211_14470_737ws_08_24.8922.8922.2	YRPDADILAITFDELTQR	E6KMA2;A0A139NUH8;A0A0F2D3A8	
164	6372	jrudney_chenx096_20141211_14470_737ws_08_24.7971.7971.3	KQIDTIDAQLVNLFEQR	E1L8W8;E1LCQ4;A0A1V0XBI5	
165	6354	jrudney_chenx096_20141211_14470_737ws_08_24.7950.7950.3	GLSFEEIVLGHDATIVSVR	E6L0A7;H1LL72;A0A239Z5L3;A0A0N1WIS9;A0A1R0E9L9;A0A0K1N0X7;A0A1B8PEY3;A0A0M3G7R7;G4A9H2;A0A1B8QMY9;F9H3N7;A0A1B8T5N2;A0A1B8P8N0;F0ERG8;A0A2J9PQG2	
166	6482	jrudney_chenx096_20141211_14470_737ws_08_24.8100.8100.2	VLVILEEGNEFAALSAR	A0A2I1U476;A0A1L7MXA2;B5E6F6;A0A089WYJ9;A0A089X420;A0A1X1FNW3;F3SKL0;A0A081Q9H4;A0A127TUM8;D3HB90;F9PXQ8;A0A0T7K575;A0A1V2SL06;A0A0F2CSF0;A0A0F2CYN5;A0A0E2J4Q6;A0A0Z8J7W8;A0A0B7GMC6;A0A089YQ58;A0A150NKD0;I2JA54;A0A139RP08;A0A0U0IS95;A0A081JJZ3;A0A1Q8E5I0;A0A0T8BUC4;K0Z1W9;A0A0E1XTZ4	
167	5092	jrudney_chenx096_20141211_14470_737ws_08_24.6478.6478.2	ITDFLSANAEVIAR	A0A0E2J702;A0A0F3HU45;A0A1V0H1Q0;A0A0B7GRD1;A0A1Q8E7D9;A0A1B1IHK3;A0A139PRB4;A0A134DBY8;A0A1F0ZVM0;A0A081SBD5;A0A0F2CLD2;A0A139MZQ3	
168	7205	jrudney_chenx096_20141211_14470_737ws_08_24.8943.8943.2	VGVIVSSGIGGLQELEDQIIR	A0A1V0GGN6;A0A1Q8RGJ2;F9M2R4;A0A0E2ER35;A0A1C7CLK3;A0A0M4HG04;A0A2J9QCS1	
169	4889	jrudney_chenx096_20141211_14470_737ws_08_24.6241.6241.2	SVMAAVTHAVLTDPASER	A0A134BVJ8;C4FRE0;L1PWC4	
170	3275	jrudney_chenx096_20141211_14470_737ws_08_24.4358.4358.2	LAQQGAEEGTVVVTEEQAAGR	C4FRI5;A0A134BS25;T0UB69;E1LAG6;D1YQL0	
171	6796	jrudney_chenx096_20141211_14470_737ws_08_24.8466.8466.3	EMDKEFLMPVEDVFTITGR	L7YBT3	
172	7148	jrudney_chenx096_20141211_14470_737ws_08_24.8877.8877.2	AVDNVNNIIAEAIIGYDVR;AVDNVNNIIAEAILGYDVR	A0A139RNI8;K0GZF7;A0A1X1K2J6;A0A100GPC0;A0A081QA14;A0A1Y3JD87;A0A127TSM0;A0A0F2D2U4;E5G5C1;A0A242IZ01;A0A0F2DWC3;A0A081QYJ6;A0A1E8UPV9;A0A1F0B0L3;A0A1G1SFA1;A0A139MBU8;S4DM25;C8NGI4;U5P8P6;E1LKY0;A0A1L8MPN9;A0A1I1UU46;A0A1S1H1A7;A0A0T7IE38;B5E4P1;A0A1X1IS63;A0A1C2CKC8;A0A178KJ02;A0A2I1TU62;A0A0T9ACW8;A0A0U0CE57;A0A0T7K4I8;A0A1A7T862;A0A1F1DA30;A0A1G9AA11;A0A081QQC5;A0A0F3HCW2;A0A095ZBH3;A0A133CMW8;A0A0H1UA29;A0A0V7YLL4;E5G5D0;A0A1X1KPB8;A0A1F0ZY04	
173	6841	jrudney_chenx096_20141211_14470_737ws_08_24.8519.8519.3	EMDKEFLMPVEDVFTITGR	L7YBT3	
174	5916	jrudney_chenx096_20141211_14470_737ws_08_24.7439.7439.2	GGAIEGAVASKEEILALATLPNR;GGAIEGAVASKEEIIALATLPNR	A0A0T8S8H2;A0A0F2DUR3;A0A0E9GXI9;A0A081PXW8;A0A1X1KUQ5;A0A139RK16;A0A081QPL2;A0A0B7GNE6;A0A139REC0;A0A0X8UXY8;A0A0F2DX26;A0A081QBZ1;A0A0A0DI13	
175	2598	jrudney_chenx096_20141211_14470_737ws_08_24.3568.3568.2	GLADTSAEISER;GIADTSAEISER	A0A1V0XBV9;A0A134BSF4;E1L6W7;S2ZU54;F5KYR8;A0A239Z3X6;J4RQ73;A0A2I1TIW3;A0A133S6Q7	
176	7177	jrudney_chenx096_20141211_14470_737ws_08_24.8911.8911.3	YRPDADILAITFDELTQR	E6KMA2;A0A139NUH8;A0A0F2D3A8	
177	6769	jrudney_chenx096_20141211_14470_737ws_08_24.8435.8435.3	AVDNVNNVIAEAIIGYDVR;AVDNVNNVIAEALIGYDVR	A0A1Q8REJ0;N0CBG6;A0A1A9E010;D0RVQ2;A8AY46;A0A0H1GN41;A0A134D9M2;A0A139MQ08;A0A139NMK9;P64081;A3CMA7;G5ITI7;A0A0F2CNT5;A0A0F5MHM2;S0JCK0;A0A139P7A9;Q8RP81;E5G5D6;E5G5B5	
178	5620	jrudney_chenx096_20141211_14470_737ws_08_24.7094.7094.2	MISVFDTNPVVFESTDR	W1UX31;D1BPT3;A0A239ZWQ9;D1YPF0;D6KJI0;A0A2I1THS0	
179	6056	jrudney_chenx096_20141211_14470_737ws_08_24.7603.7603.2	AVDNVNNVIAEHIIGFDVR	A0A0E2Q474	
180	5286	jrudney_chenx096_20141211_14470_737ws_08_24.6704.6704.2	DIAMQIAAVNPTYLNR	E4LCU2;E1L9M0;F5KYF0;W3Y5W4;D6KMR4;A0A134BX38;C4FR14;W1W3X1	
181	7214	jrudney_chenx096_20141211_14470_737ws_08_24.8954.8954.3	VGVIVSSGIGGLQELEDQIIR	A0A1V0GGN6;A0A1Q8RGJ2;F9M2R4;A0A0E2ER35;A0A1C7CLK3;A0A0M4HG04;A0A2J9QCS1	
182	4668	jrudney_chenx096_20141211_14470_737ws_08_24.5983.5983.3	NLEVSVDVEKEVTDADVEER	A0A139PRK3;E1M8D2;A0A139QRC5;A0A0F3HBE6;A0A081Q9Y1;A0A0F2D6U3;A0A064BYT0;A0A139PFX7;A0A024DGW3;A0A081PNM2;A0A081QKQ1	
183	7286	jrudney_chenx096_20141211_14470_737ws_08_24.9038.9038.3	TADQAGLIIPVVISVYEDR	C8NHK5	
184	941	jrudney_chenx096_20141211_14470_737ws_08_24.1635.1635.2	ISSTATPEQNR	D1YPS0;A0A134BZD9;A0A117J1X3;A0A239ZVG0;W1W7N0;C4FMF0;A0A134C3L3;A0A2I1THJ3	
185	4553	jrudney_chenx096_20141211_14470_737ws_08_24.5849.5849.3	KDVQTIAGSMVVPNNVTVVSASK	D6KR15	
186	6297	jrudney_chenx096_20141211_14470_737ws_08_24.7884.7884.2	AQVPLAEMSDYVTALR	T0UKT0;A0A2I1TGC6;D1BQM4;D1YNR9;F5L069;D6KRR9	
187	7279	jrudney_chenx096_20141211_14470_737ws_08_24.9030.9030.3	DADINDLVKPGETLELLVLR	E8KPD8;F0I266;A0A0B7GNP1;A0A139MV59;A0A139NSG9;F0IM99;F9P696;A0A2I1ZCS2;I0SG96;F3UAU1;F2BRX0;A0A1F0YFU4;A0A0C1K6G5;I2NC45;A0A1F1CHE1;A3CN72;I1ZLP6;A0A139QIZ1;F2CCF0	
188	2219	jrudney_chenx096_20141211_14470_737ws_08_24.3126.3126.3	NIEGQDLDTDRTESNAGHNIR	D1BPT3	
189	6805	jrudney_chenx096_20141211_14470_737ws_08_24.8477.8477.3	TNRPLLIIADDVDGEALPTLVLNK	A8AZE1;A0A1C2CWY3;A0A142J578;A0A139N572;E8JWR2;C0SN56;A0A139MIV6;A0A0F2CQ46;A0A0F2CKH9;A0A139NIL0;N0CF34;D1KK80;C0SN26;A0A0M4K272;A9QLG4;Q93TL0;A0A0F3HQ99;C0SN27	
190	4824	jrudney_chenx096_20141211_14470_737ws_08_24.6165.6165.2	KFLKPGFEAITAAVEER	A0A139NGQ8;E1M568;A0A134DCI2;A0A1F0ZSN8;A0A0F3H370;A0A0F2CPL3;A0A139ML83;I1ZKB8;A0A1F0KGM3	
191	7407	jrudney_chenx096_20141211_14470_737ws_08_24.9179.9179.2	TVEAYLESVNASVVEFAR	A0A1X1H794;A0A0B7GSY2;A0A0T7Z848;A0A139NPC2;A0A0T8BW74;A0A0T8UCH1;A0A0F2CNS2;E9FPJ6;A0A0T8AAU6;F9E354;F9LZX2;A0A0T7T3L1;A0A1S1CVA7;F0IS73;A0A081QKJ2;F0IJK2;A0A0F2D3N5;A0A096AQE2;F2BNY3;A0A1H0SPK2;A0A0E2P6N2;J4NLQ8;K1ALA3;A0A1F0T9W3;A0A081QF24;A0A1X1IE76;A0A0U0CVP7;A0A139QRS2;A0A139PEK9;F9HPZ6;A0A150NJI4;A0A081PZ83;A3CQW2;A0A1E1GDA4;A0A139Q1D3;A0A0F3HST3;A0A0F2DI59;A0A0F3HX18;A0A0E9GX06;A0A024DGP5;A0A139QYC3;A0A0U0G4P6;A0A1V0H1S7	
192	3768	jrudney_chenx096_20141211_14470_737ws_08_24.4933.4933.3	VHTQTAGSMLTAQQVDNNIVR	A0A134CBX8;E4LBY0;W3Y624;A0A1V0XC72;A0A239ZG97;D1YS71;D6KNT7;A0A134C1S6;R5BSG1;A0A134C6N8;K9D4D8;F9N3E6;A0A096CR68;A0A2I1TFV8	
193	5906	jrudney_chenx096_20141211_14470_737ws_08_24.7428.7428.3	GVPQIEVTFDIDKNGIVNVR	C8NET3	
194	5964	jrudney_chenx096_20141211_14470_737ws_08_24.7495.7495.4	TMDGNQAAAHVSYGFTEVAAIYPITPSSPMPEHIDEWAASGR	E1L825;T0U5R3;A0A134BU66;A0A1V0XCZ7;A0A134BYS6;D6KKD6;D1YQF6;D1BNW1;E1L9G4;L1Q169;C4FNM7;A0A133S4J1;X8HM91;D6KQU7	
195	5749	jrudney_chenx096_20141211_14470_737ws_08_24.7245.7245.3	IAVSGEMHGPELPDTIYLLGR	A0A0F2CGF4;A0A060RL24;A0A139N4D1;A0A0F2CGD1;A0A0B7GNM0	
196	6519	jrudney_chenx096_20141211_14470_737ws_08_24.8143.8143.4	ANTETYGTPVPTTVPLTVEPGPFIVVTGHDLHDLK	A0A2I1THA4;A0A124EFN1;A0A239ZQS6;W3Y6X3	
197	4684	jrudney_chenx096_20141211_14470_737ws_08_24.6002.6002.2	NLEVSVDVEKEVTDADVEER	A0A139PRK3;E1M8D2;A0A139QRC5;A0A0F3HBE6;A0A081Q9Y1;A0A0F2D6U3;A0A064BYT0;A0A139PFX7;A0A024DGW3;A0A081PNM2;A0A081QKQ1	
198	6853	jrudney_chenx096_20141211_14470_737ws_08_24.8533.8533.3	DTDKPFLMPVEDVFTITGR	E4LBN4;G5GQF3;A0A0C2V155;E1L6A7;A0A081NVB1;A0A0U2INL2;A0A1H9D8W8;E1LAL6;A0A1H8UZ82;D6KQK6;A0A1B3X5W2;L1PWB8;A0A0D5NIS3;E1LE21;A0A1I2YAR9;A0A134C5I3;E4LBL6;A0A1I3V276;S2ZTF5;A0A0U0IGI4;A0A239ZQR0;D1BP65;C4FNA6;A0A1V0XDN0;A0A1H2RMB0;C4FSW6;A0A1G4VYR6;A0A0Q1GHG4;T0T2A6;A0A239RAQ0;C4FNC4;D6KM36;A0A109WI72;A0A134BUB2;E4LI88;D6KQI8;A0A1V0XDE0;A0A1I6ZQD9;W1WL88;E7N1T5;A0A1G4PQ21;A0A2J8AXT7;I0GNQ6;D6KM38;W3Y7T7;A0A0K1FG08;A0A1I3BNY5;A0A015L1S7	
199	4962	jrudney_chenx096_20141211_14470_737ws_08_24.6326.6326.2	NAPYLPYYANINNTYR	A0A1E9DU66;A0A0F2CLN9	
200	3480	jrudney_chenx096_20141211_14470_737ws_08_24.4597.4597.3	AENFHNPLSEEETVER	V8BE95;A0A0F3H6J3;E3CR22;A0A1F0YAY4	
201	6808	jrudney_chenx096_20141211_14470_737ws_08_24.8480.8480.4	SHPDEVEAPEGITFELPNPTTIVVSGISK	A0A1X1GY18;A0A0F2E5I4;F9HEV8;A0A081Q9G0;A0A139NW44;A0A139QEJ1;A0A127TUN5;A0A139RP59;A3CK79;A0A1E8USZ6;A0A064C5Q4;A0A1X1IZR5;F0FP93;B5E6H0;A0A024DGC2	
202	1430	jrudney_chenx096_20141211_14470_737ws_08_24.2206.2206.2	LANEQGEVATAR	A0A024DFZ4	
203	4805	jrudney_chenx096_20141211_14470_737ws_08_24.6143.6143.2	QLFITQPSLSNAVR	A0A0Z8P129;A0A0Z8D9V2	
204	5157	jrudney_chenx096_20141211_14470_737ws_08_24.6554.6554.2	VVYISPDTTVAHAADIMR;VVYISPDTTVAHAADLMR	A0A139NYJ2;A0A0F2CKC3;A0A081R6W1;A0A139ME17;E1M5B4;A0A024DG99;A0A0X8JYZ4;A0A0C1K5V7;A0A0F5MJ53;A0A095ZGW2;A0A0F3HTC5;A0A0F3HGZ4;A0A0E2IUE2	
205	5094	jrudney_chenx096_20141211_14470_737ws_08_24.6480.6480.3	AVQTDGSSVVLTNIATLNNAR	A0A1V0XB62;L1PYU8;A0A134C4B9;E1LAA2;A0A239YZD0;D6KHN8;W1W386;A0A134BWZ7;T0U6Q3;A0A2I1TIP4;W3Y4R7	
206	3702	jrudney_chenx096_20141211_14470_737ws_08_24.4856.4856.3	KNVQTIAGSMVVPNNVTVVSASK	W1UXA3	
207	6249	jrudney_chenx096_20141211_14470_737ws_08_24.7828.7828.3	QLASLADVAINDAFGVSHR	A0A2I1TJ66;F5KZ26;A0A134BTG9;A0A133S340;S3A1J1;W1UXD2;A0A239ZAQ2;E4LDD4;D1YRQ3;A0A1V0XBR5;W1WF13;E1L4Y5	
208	7019	jrudney_chenx096_20141211_14470_737ws_08_24.8726.8726.3	MLADLAVNDAAAFTALADAAK	I0SFY0;A0A120KPH4;A0A0F2CRK4;A3CNY7;A0A0T7K3P8;A0A239ST46;A0A2D4DP50;A0A1X1ICA6;A4W251;A0A0A0DGL1;A0A1X0WTI7;A0A139NKH4;A0A139PDS0	
209	6465	jrudney_chenx096_20141211_14470_737ws_08_24.8080.8080.3	ATLDGIYGEIAQINNANVAVAGYTDR	A0A1R0ED90;A0A2J6PA53;A0A1B8T7Z3;E1W6S3;A0A1F0UGN3;F0ESM6	
210	7196	jrudney_chenx096_20141211_14470_737ws_08_24.8933.8933.3	AVDNVNNIIAEAIIGYDVR;AVDNVNNIIAEAILGYDVR	A0A139RNI8;K0GZF7;A0A1X1K2J6;A0A100GPC0;A0A081QA14;A0A1Y3JD87;A0A127TSM0;A0A0F2D2U4;E5G5C1;A0A242IZ01;A0A0F2DWC3;A0A081QYJ6;A0A1E8UPV9;A0A1F0B0L3;A0A1G1SFA1;A0A139MBU8;S4DM25;C8NGI4;U5P8P6;E1LKY0;A0A1L8MPN9;A0A1I1UU46;A0A1S1H1A7;A0A0T7IE38;B5E4P1;A0A1X1IS63;A0A1C2CKC8;A0A178KJ02;A0A2I1TU62;A0A0T9ACW8;A0A0U0CE57;A0A0T7K4I8;A0A1A7T862;A0A1F1DA30;A0A1G9AA11;A0A081QQC5;A0A0F3HCW2;A0A095ZBH3;A0A133CMW8;A0A0H1UA29;A0A0V7YLL4;E5G5D0;A0A1X1KPB8;A0A1F0ZY04	
211	5105	jrudney_chenx096_20141211_14470_737ws_08_24.6493.6493.2	AVQTDGSSVVLTNIATLNNAR	A0A1V0XB62;L1PYU8;A0A134C4B9;E1LAA2;A0A239YZD0;D6KHN8;W1W386;A0A134BWZ7;T0U6Q3;A0A2I1TIP4;W3Y4R7	
212	6693	jrudney_chenx096_20141211_14470_737ws_08_24.8346.8346.3	MLADLAVNDAAAFTALADAAK	I0SFY0;A0A120KPH4;A0A0F2CRK4;A3CNY7;A0A0T7K3P8;A0A239ST46;A0A2D4DP50;A0A1X1ICA6;A4W251;A0A0A0DGL1;A0A1X0WTI7;A0A139NKH4;A0A139PDS0	
213	3705	jrudney_chenx096_20141211_14470_737ws_08_24.4860.4860.2	IILRPQEISNNPGIAR;IILRPQEISNNPGLAR	A0A134C219;A0A096AM16;D6KNT8;A0A134C6Z2;D6KIN3;D1BNH2;A0A2I1TFV6;W1WC58;A0A133S1L8;L1PVS4;A0A1V0XCQ4;F5L2N8;E1LBW2;W3Y5U4;E4LBY1;W1UUP1;E1L6Q7	
214	6344	jrudney_chenx096_20141211_14470_737ws_08_24.7939.7939.2	QILDVPGFPNLTGEELTNR	A0A1X1J793	
215	7105	jrudney_chenx096_20141211_14470_737ws_08_24.8827.8827.3	DTDKPLLLPVEDVFSITGR	A0A0V7XXJ9;A0A139Q9A6;A0A0P6S287;A0A139N847;A0A074J0H1;A0A068AX70;A0A239XAW3;A0A0F2CHU7;A0A0E2Q2Q4;A0A139MSW0;A0A0F2DZD6;A0A068AVD8;A0A0T9AK66;A0A1C3SQA8;A0A068AZL7;A0A068AX89;U2KP19;E9JSD9;A0A0F2E0T5;A0A068AZM0;A0A0A6S7A0;A0A068AXL7;A0A1Q8RH34;A0A1F0Y638;A8AWA0;A0A0C1K7P6;A0A068AXM2;A0A0E3WFP9;A0A081QC88;A0A060RLJ8;A0A089VMG5;A0A1F0ZYK7;A0A0F2CEN3;A0A068AXD9;A0A134D8Y6;D2ERE6;A0A068AXB5;A0A1Q8EFI2;A0A133CT44;A0A139NMV1;A0A1V2SQ62;B5XKI1;A0A068AVI8;A0A068AXP7;B9DRL9;A0A068AZM1;A0A139NJL2;A0A139PDY6;A0A0T8YMT5;B6CEF8;A0A139NRE4;A0A0T8ABN3;A0A0W7V713;E3CHK3;A0A068AVJ6;A0A068AX77;B2IQV2;A0A0Y1UR78;A0A0B7GLJ1;A0A0A0DJR7	
216	6812	jrudney_chenx096_20141211_14470_737ws_08_24.8485.8485.2	VLVILEEGNEFAALSAR	A0A2I1U476;A0A1L7MXA2;B5E6F6;A0A089WYJ9;A0A089X420;A0A1X1FNW3;F3SKL0;A0A081Q9H4;A0A127TUM8;D3HB90;F9PXQ8;A0A0T7K575;A0A1V2SL06;A0A0F2CSF0;A0A0F2CYN5;A0A0E2J4Q6;A0A0Z8J7W8;A0A0B7GMC6;A0A089YQ58;A0A150NKD0;I2JA54;A0A139RP08;A0A0U0IS95;A0A081JJZ3;A0A1Q8E5I0;A0A0T8BUC4;K0Z1W9;A0A0E1XTZ4	
217	6911	jrudney_chenx096_20141211_14470_737ws_08_24.8600.8600.3	NFSDEQLQFYMQNLPAEFAR	F3SHB9;A0A0F2CY95;F0FTU6;F0IM45;A0A139N165;F3USL2;A0A139N7X5;A0A0B7GL92;A0A0F3HNK4;A0A2I1ZCY9;A0A0A0DGF1;A3CNC9;F2C4E8	
218	6840	jrudney_chenx096_20141211_14470_737ws_08_24.8517.8517.2	EALEQWIEFANLGAATR;EALEQWLEFANLGAATR	E1L825;T0U5R3;A0A134BU66;A0A1V0XCZ7;A0A134BYS6;E4LBB8;D6KKD6;D1YQF6;D1BNW1;E1L9G4;L1Q169;A0A133S4J1;X8HM91	
219	6603	jrudney_chenx096_20141211_14470_737ws_08_24.8241.8241.4	AEVSYLDYSAVPLFSQDLEVPTHPAVAAAR	A0A024DD38	
220	2303	jrudney_chenx096_20141211_14470_737ws_08_24.3224.3224.2	HKEDVPDSEYLR	D1BPZ7;A0A124EFS7;A0A2I1TF49;D6KPP6;W1UVU8	
221	6740	jrudney_chenx096_20141211_14470_737ws_08_24.8401.8401.3	MLADLAVNDAAAFTALADAAK	I0SFY0;A0A120KPH4;A0A0F2CRK4;A3CNY7;A0A0T7K3P8;A0A239ST46;A0A2D4DP50;A0A1X1ICA6;A4W251;A0A0A0DGL1;A0A1X0WTI7;A0A139NKH4;A0A139PDS0	
222	6349	jrudney_chenx096_20141211_14470_737ws_08_24.7945.7945.2	IADQISDAVLDAIIEKDPTAR	E4LCT0;D6KMQ4;A0A134BX25;C4FR26	
223	7006	jrudney_chenx096_20141211_14470_737ws_08_24.8711.8711.3	MLADLAVNDAAAFTALADAAK	I0SFY0;A0A120KPH4;A0A0F2CRK4;A3CNY7;A0A0T7K3P8;A0A239ST46;A0A2D4DP50;A0A1X1ICA6;A4W251;A0A0A0DGL1;A0A1X0WTI7;A0A139NKH4;A0A139PDS0	
224	1712	jrudney_chenx096_20141211_14470_737ws_08_24.2535.2535.2	VVATQGDPDAEVNR	F9Q7P1;J4TSD2;A0A2J6PBZ9;F0EVE8;A0A1B8QX61;A0A1S1FIT5;A0A1R0EEB7;A0A1R0EGC9;A0A1B8T488;I2NMT2;A0A0H4HDW9;A0A223MCG2;E1W407;A0A1F0UJ30	
225	6949	jrudney_chenx096_20141211_14470_737ws_08_24.8645.8645.3	DTDKPFLMPVEDVFTITGR	E4LBN4;G5GQF3;A0A0C2V155;E1L6A7;A0A081NVB1;A0A0U2INL2;A0A1H9D8W8;E1LAL6;A0A1H8UZ82;D6KQK6;A0A1B3X5W2;L1PWB8;A0A0D5NIS3;E1LE21;A0A1I2YAR9;A0A134C5I3;E4LBL6;A0A1I3V276;S2ZTF5;A0A0U0IGI4;A0A239ZQR0;D1BP65;C4FNA6;A0A1V0XDN0;A0A1H2RMB0;C4FSW6;A0A1G4VYR6;A0A0Q1GHG4;T0T2A6;A0A239RAQ0;C4FNC4;D6KM36;A0A109WI72;A0A134BUB2;E4LI88;D6KQI8;A0A1V0XDE0;A0A1I6ZQD9;W1WL88;E7N1T5;A0A1G4PQ21;A0A2J8AXT7;I0GNQ6;D6KM38;W3Y7T7;A0A0K1FG08;A0A1I3BNY5;A0A015L1S7	
226	5171	jrudney_chenx096_20141211_14470_737ws_08_24.6570.6570.2	DIAMQIAAVNPTYLNR	E4LCU2;E1L9M0;F5KYF0;W3Y5W4;D6KMR4;A0A134BX38;C4FR14;W1W3X1	
227	5827	jrudney_chenx096_20141211_14470_737ws_08_24.7336.7336.2	VVSWYDNEMSYTAQLVR	A0A0F2E9L8;Q1J8I3;A0A1X1KIY3;A0A0M9FFB2;I2NP51;C5NU95;A0A0F3HQ30;A0A0C1KFY6;I1ZP68;A0A081Q7S6;S3B5M3;A0A0E2UEK9;B9DVS1;A0A081QIN6;A0A1S1XXP5;A0A0A6S344;A0A172W5A9;A0A0T7T4B0;A0A0T8QQX8;A0A0U0L2D5;E1LI21;F9HFS5;A0A0F2CXS6;A0A0U0I262;A0A1F0ZVS9;J7M6M6;A0A081SDF3;A0A139M5R4;A0A0E2P3V6;Q68AZ1;A0A0F3HUJ0;A0A139PTN6;A0A0E8JNM6;G5K4Y2;A0A134A5X0;Q3Y454;A0A1E8U0P6;A0A0P6SHV4;A0A0T8BIL3;E8K1K1;D0UVL6;A0A0F2DHS3;M4YYN4;A0A0T9H3X3	
228	6893	jrudney_chenx096_20141211_14470_737ws_08_24.8579.8579.3	VPTPTGSVTELVAVLEK	A0A0F2E9L8;A0A0U0I262;A0A1X1KIY3;A0A139M5R4;A0A0E2P3V6;A0A139PTN6;A0A0C1KFY6;A0A0E8JNM6;A0A081QIN6;A0A0T7T4B0;A0A1E8U0P6;A0A0T8BIL3;A0A0T8QQX8;A0A0U0L2D5;E8K1K1;A0A0T9H3X3;F9HFS5	
229	6859	jrudney_chenx096_20141211_14470_737ws_08_24.8540.8540.2	TAIEEGIDLVVAGAGFSR	A0A239YTM8;S3A0H3;W1V8Q8;E1LCE0;A0A134BVR3;A0A096BXI2;D1YMT8;W1WD63;D6KMD5;F5KY06	
230	2217	jrudney_chenx096_20141211_14470_737ws_08_24.3124.3124.2	DRDEAVMAYR	A0A0W7UZU6;A0A081R3B1;A0A060RLL7;A0A024DG57;A0A081PYQ7;A0A081QEI0;A0A081PSM0;A0A139PAG4;A0A139Q5I7;A0A091BPW4;A0A081QLZ4;A0A064C323;A0A095Z9V5;A0A081S9J0;A0A081PMD7	
231	7317	jrudney_chenx096_20141211_14470_737ws_08_24.9074.9074.3	VLNGLGIAIISTSEGLLTDKEAR;VLNGLGIAILSTSEGLLTDKEAR	A0A1E8UTB8;A0A096BI06;A0A1V0H1P6;A8AZL1;A0A0E2IR06;A0A0E4CTU7;F0IQP7;A0A0D1BI16;A0A0Y1Z8M8;A0A0C1KEY6;A0A133RX35;A0A0B7GI87;E8K7X3;A0A139MI08;A3CK77;A0A0F2CQA9;A0A074J0X6;F0I5A0;A0A1S1XVH4;A0A0A6UQM6;A0A0F2CVW9;A0A081JK06;A0A139NFA8;E9FMI6;C0MAG4;A0A1V2SLH5	
232	2978	jrudney_chenx096_20141211_14470_737ws_08_24.4012.4012.3	VQHVAQYLVNHGVSADR	A0A2I1TEY6;D6KQX4;A0A134BXF6;D1BL94;T0UJ87	
233	3212	jrudney_chenx096_20141211_14470_737ws_08_24.4285.4285.2	EVLYSDNEEEKVITR	A0A2I1UMK0;A0A081R7C4;A0A0F2DAW7;A0A0F2CLF5;A0A127TQM9;A0A081QVR9;A0A081QHY5;A0A024DED4;A0A081SD97;A0A1X1HP76;A0A0F2D191;A0A081PTP0;A0A081R073;A0A081Q6L1	
234	5761	jrudney_chenx096_20141211_14470_737ws_08_24.7259.7259.2	YIDAGQLVPDSVTVGIVR	D6KQM9;W3Y3Y0;A0A134C223;A0A134C9G1;E4LBJ3	
235	6475	jrudney_chenx096_20141211_14470_737ws_08_24.8092.8092.3	DTDKPFLMPVEDVFTITGR	E4LBN4;G5GQF3;A0A0C2V155;E1L6A7;A0A081NVB1;A0A0U2INL2;A0A1H9D8W8;E1LAL6;A0A1H8UZ82;D6KQK6;A0A1B3X5W2;L1PWB8;A0A0D5NIS3;E1LE21;A0A1I2YAR9;A0A134C5I3;E4LBL6;A0A1I3V276;S2ZTF5;A0A0U0IGI4;A0A239ZQR0;D1BP65;C4FNA6;A0A1V0XDN0;A0A1H2RMB0;C4FSW6;A0A1G4VYR6;A0A0Q1GHG4;T0T2A6;A0A239RAQ0;C4FNC4;D6KM36;A0A109WI72;A0A134BUB2;E4LI88;D6KQI8;A0A1V0XDE0;A0A1I6ZQD9;W1WL88;E7N1T5;A0A1G4PQ21;A0A2J8AXT7;I0GNQ6;D6KM38;W3Y7T7;A0A0K1FG08;A0A1I3BNY5;A0A015L1S7	
236	6664	jrudney_chenx096_20141211_14470_737ws_08_24.8312.8312.2	TVEAYLESVNASVVEFAR	A0A1X1H794;A0A0B7GSY2;A0A0T7Z848;A0A139NPC2;A0A0T8BW74;A0A0T8UCH1;A0A0F2CNS2;E9FPJ6;A0A0T8AAU6;F9E354;F9LZX2;A0A0T7T3L1;A0A1S1CVA7;F0IS73;A0A081QKJ2;F0IJK2;A0A0F2D3N5;A0A096AQE2;F2BNY3;A0A1H0SPK2;A0A0E2P6N2;J4NLQ8;K1ALA3;A0A1F0T9W3;A0A081QF24;A0A1X1IE76;A0A0U0CVP7;A0A139QRS2;A0A139PEK9;F9HPZ6;A0A150NJI4;A0A081PZ83;A3CQW2;A0A1E1GDA4;A0A139Q1D3;A0A0F3HST3;A0A0F2DI59;A0A0F3HX18;A0A0E9GX06;A0A024DGP5;A0A139QYC3;A0A0U0G4P6;A0A1V0H1S7	
237	5180	jrudney_chenx096_20141211_14470_737ws_08_24.6581.6581.3	VVYISPDTTVAHAADIMR;VVYISPDTTVAHAADLMR	A0A139NYJ2;A0A0F2CKC3;A0A081R6W1;A0A139ME17;E1M5B4;A0A024DG99;A0A0X8JYZ4;A0A0C1K5V7;A0A0F5MJ53;A0A095ZGW2;A0A0F3HTC5;A0A0F3HGZ4;A0A0E2IUE2	
238	7374	jrudney_chenx096_20141211_14470_737ws_08_24.9140.9140.2	VLVILEEGNEFAALSAR	A0A2I1U476;A0A1L7MXA2;B5E6F6;A0A089WYJ9;A0A089X420;A0A1X1FNW3;F3SKL0;A0A081Q9H4;A0A127TUM8;D3HB90;F9PXQ8;A0A0T7K575;A0A1V2SL06;A0A0F2CSF0;A0A0F2CYN5;A0A0E2J4Q6;A0A0Z8J7W8;A0A0B7GMC6;A0A089YQ58;A0A150NKD0;I2JA54;A0A139RP08;A0A0U0IS95;A0A081JJZ3;A0A1Q8E5I0;A0A0T8BUC4;K0Z1W9;A0A0E1XTZ4	
239	6069	jrudney_chenx096_20141211_14470_737ws_08_24.7618.7618.3	TADIELVTVDGAHGPIQVTYVLVNR	C4FMF6;E1LA35;E1L4H9	
240	5222	jrudney_chenx096_20141211_14470_737ws_08_24.6630.6630.2	DIAMQIAAVNPTYLNR	E4LCU2;E1L9M0;F5KYF0;W3Y5W4;D6KMR4;A0A134BX38;C4FR14;W1W3X1	
241	2550	jrudney_chenx096_20141211_14470_737ws_08_24.3512.3512.2	ELFEQDAANNGGTR	C4FMF6;E1LA35;A0A1V0XE22;E1L4H9;D6KQ29;D1BPL9;X8H6Z3;A0A2I1THJ8	
242	7412	jrudney_chenx096_20141211_14470_737ws_08_24.9185.9185.3	TIPDAENVDLILVGATGLNAFER	A0A081R245	
243	5871	jrudney_chenx096_20141211_14470_737ws_08_24.7387.7387.2	LPVEVVQYGAEQVFR	A0A0F2DDA6;A0A1F2GH98;A0A139NBQ7;A0A096AWR0;A0A081SCA6;A0A0F2CIY8;A0A0F3HRI0;A0A081R696;D0RV98;A0A081Q2K1;A0A0T8B729;A0A081QQR6;A0A139MUS1;A0A024DFJ9;A0A081QC49	
244	3031	jrudney_chenx096_20141211_14470_737ws_08_24.4074.4074.3	VQHVAQYLVNHGVSADR	A0A2I1TEY6;D6KQX4;A0A134BXF6;D1BL94;T0UJ87	
245	6993	jrudney_chenx096_20141211_14470_737ws_08_24.8696.8696.3	YHELQDIIAILGMDELSDEEK	A0A0T9ADM0;A0A0U0KK01;A0A0F2CMH4;A0A0E2PKD9;A0A0F2DIZ2;A0A064BXA9;A0A0A0DJQ1;A0A024DEC3;A0A139MZ80;A0A095ZCJ4;A0A139NFQ1;A0A081QPR2	
246	6902	jrudney_chenx096_20141211_14470_737ws_08_24.8590.8590.3	DTDKPFLMPVEDVFTITGR	E4LBN4;G5GQF3;A0A0C2V155;E1L6A7;A0A081NVB1;A0A0U2INL2;A0A1H9D8W8;E1LAL6;A0A1H8UZ82;D6KQK6;A0A1B3X5W2;L1PWB8;A0A0D5NIS3;E1LE21;A0A1I2YAR9;A0A134C5I3;E4LBL6;A0A1I3V276;S2ZTF5;A0A0U0IGI4;A0A239ZQR0;D1BP65;C4FNA6;A0A1V0XDN0;A0A1H2RMB0;C4FSW6;A0A1G4VYR6;A0A0Q1GHG4;T0T2A6;A0A239RAQ0;C4FNC4;D6KM36;A0A109WI72;A0A134BUB2;E4LI88;D6KQI8;A0A1V0XDE0;A0A1I6ZQD9;W1WL88;E7N1T5;A0A1G4PQ21;A0A2J8AXT7;I0GNQ6;D6KM38;W3Y7T7;A0A0K1FG08;A0A1I3BNY5;A0A015L1S7	
247	3405	jrudney_chenx096_20141211_14470_737ws_08_24.4510.4510.2	GNVVEGQVVQVEDER	A0A133S5A4	
248	4618	jrudney_chenx096_20141211_14470_737ws_08_24.5925.5925.4	SRTDVSTEKPTFSVIYPLGGGGK	D6KR09;D1YN49;F5L1T8;A0A134BXL8;D6KLL6;A0A2I1TEU0	
249	6364	jrudney_chenx096_20141211_14470_737ws_08_24.7962.7962.2	TALGDFMVESAYSTLR	A0A0U0KHZ2;A0A0T7Z3M3;A0A081Q114;A0A075SGV4;A0A081R686;A0A098ZH02;A0A081PRB2	
250	3259	jrudney_chenx096_20141211_14470_737ws_08_24.4340.4340.3	LAQQGAEEGTVVVTEEQAAGR	C4FRI5;A0A134BS25;T0UB69;E1LAG6;D1YQL0	
251	3093	jrudney_chenx096_20141211_14470_737ws_08_24.4146.4146.2	VGDEISELDGR	A0A1V0XAR5;A0A133S2J5	
252	6047	jrudney_chenx096_20141211_14470_737ws_08_24.7592.7592.3	IAVSGEMHGPELPDTIYLLGR	A0A0F2CGF4;A0A060RL24;A0A139N4D1;A0A0F2CGD1;A0A0B7GNM0	
253	6759	jrudney_chenx096_20141211_14470_737ws_08_24.8423.8423.3	TNRPLLIIADDVDGEALPTLVLNK	A8AZE1;A0A1C2CWY3;A0A142J578;A0A139N572;E8JWR2;C0SN56;A0A139MIV6;A0A0F2CQ46;A0A0F2CKH9;A0A139NIL0;N0CF34;D1KK80;C0SN26;A0A0M4K272;A9QLG4;Q93TL0;A0A0F3HQ99;C0SN27	
254	5426	jrudney_chenx096_20141211_14470_737ws_08_24.6868.6868.2	EVAFGEYGLQATTSHWITNR	A0A0T7T3R9;A0A0U2W868;T1ZGK8;A0A1S1H1K3;A0A1F0ZSC0;A0A2I1U459;A0A139NNH5;A0A0P0NBD9;A0A095ZEK3;A3CK70;A0A0C1K3D1;A0A2I1UJQ9;A0A1C7CAV8	
255	5512	jrudney_chenx096_20141211_14470_737ws_08_24.6968.6968.3	DKAEQYVVTGLEMFRK	S2ZTF5	
256	6907	jrudney_chenx096_20141211_14470_737ws_08_24.8596.8596.3	DTDKPFLMPVEDVFTITGR	E4LBN4;G5GQF3;A0A0C2V155;E1L6A7;A0A081NVB1;A0A0U2INL2;A0A1H9D8W8;E1LAL6;A0A1H8UZ82;D6KQK6;A0A1B3X5W2;L1PWB8;A0A0D5NIS3;E1LE21;A0A1I2YAR9;A0A134C5I3;E4LBL6;A0A1I3V276;S2ZTF5;A0A0U0IGI4;A0A239ZQR0;D1BP65;C4FNA6;A0A1V0XDN0;A0A1H2RMB0;C4FSW6;A0A1G4VYR6;A0A0Q1GHG4;T0T2A6;A0A239RAQ0;C4FNC4;D6KM36;A0A109WI72;A0A134BUB2;E4LI88;D6KQI8;A0A1V0XDE0;A0A1I6ZQD9;W1WL88;E7N1T5;A0A1G4PQ21;A0A2J8AXT7;I0GNQ6;D6KM38;W3Y7T7;A0A0K1FG08;A0A1I3BNY5;A0A015L1S7	
257	3859	jrudney_chenx096_20141211_14470_737ws_08_24.5040.5040.2	HITAVVPYYGYAR	A0A134BVJ8;W3Y4X9;R5BZ74;D6KGY0;E4LCL6;C4FRE0;A0A096CN45;D6KM46;K9DJ47	
258	7303	jrudney_chenx096_20141211_14470_737ws_08_24.9058.9058.2	LDYAQQIIDILDR	W1UY14;D1BQC3;A0A2I1TFG7;D1BQB9;D1YLY2;D1YLY0;D6KPC0;D1BQC5;D6KJ08;W1UV37;A0A2I1TFE3	
259	6127	jrudney_chenx096_20141211_14470_737ws_08_24.7686.7686.2	AAFGLEANAVSDLVTVR	A0A1E9DNB6;A0A139NF59;A0A1F2GJJ4	
260	6939	jrudney_chenx096_20141211_14470_737ws_08_24.8633.8633.2	EMDKEFLMPVEDVFTITGR	L7YBT3	
261	4623	jrudney_chenx096_20141211_14470_737ws_08_24.5931.5931.3	SRTDVSTEKPTFSVIYPLGGGGK	D6KR09;D1YN49;F5L1T8;A0A134BXL8;D6KLL6;A0A2I1TEU0	
262	7163	jrudney_chenx096_20141211_14470_737ws_08_24.8894.8894.2	NFVPSYDVESFVNSIEKPR	A0A0I7KCJ8;A0A081Q912;A0A081PYE3;A0A0B7LIQ6;A0A0C1KJM3;A0A0F3HVK3;A0A0F5MLD0;A8AVK9;A0A0E9GXK5;A0A081R2Y6;A0A081PNN4;A0A0U0AMR0;A0A0F2CFJ1;A0A098ZNC7;A0A0E8T9J3	
263	7219	jrudney_chenx096_20141211_14470_737ws_08_24.8960.8960.3	YRPDADILAITFDELTQR	E6KMA2;A0A139NUH8;A0A0F2D3A8	
264	6393	jrudney_chenx096_20141211_14470_737ws_08_24.7996.7996.3	NLGIHIATPVFDGASSDDLWDTVR	A0A134DD00;A0A1E9DXX1;A0A0F2CL94;A0A0F5MP78;A0A1F2GFS1;A0A0F3HTH6;A0A0C1HTY5;A0A139N0Q2	
265	3188	jrudney_chenx096_20141211_14470_737ws_08_24.4257.4257.3	VHTQTAGSMLTAQQVDNNIVR	A0A134CBX8;E4LBY0;W3Y624;A0A1V0XC72;A0A239ZG97;D1YS71;D6KNT7;A0A134C1S6;R5BSG1;A0A134C6N8;K9D4D8;F9N3E6;A0A096CR68;A0A2I1TFV8	
266	3084	jrudney_chenx096_20141211_14470_737ws_08_24.4135.4135.4	ITIHTAKPGMVIGR;LTIHTAKPGMVIGR	A0A134C9E7;A0A0K1FFA1;A0A1G7QH75;G5GQE5;A0A1B3X5U6;A0A239ZPM5;E4LBK8;D6KQL4;A0A173WV31;E1LE13;A0A1M6REZ3;A0A1V0XDH4;A0A096BUI5	
267	7313	jrudney_chenx096_20141211_14470_737ws_08_24.9069.9069.2	VLVILEEGNEFAALSAR	A0A2I1U476;A0A1L7MXA2;B5E6F6;A0A089WYJ9;A0A089X420;A0A1X1FNW3;F3SKL0;A0A081Q9H4;A0A127TUM8;D3HB90;F9PXQ8;A0A0T7K575;A0A1V2SL06;A0A0F2CSF0;A0A0F2CYN5;A0A0E2J4Q6;A0A0Z8J7W8;A0A0B7GMC6;A0A089YQ58;A0A150NKD0;I2JA54;A0A139RP08;A0A0U0IS95;A0A081JJZ3;A0A1Q8E5I0;A0A0T8BUC4;K0Z1W9;A0A0E1XTZ4	
268	5913	jrudney_chenx096_20141211_14470_737ws_08_24.7436.7436.3	THLQDAVPITLGQEMGAYASGIR;THLQDAVPITLGQEMGAYASAVR	A0A2I1TH84;D1BP73;T0T298;D6KQJ7;E4LBM4;A0A0K1FGI0;A0A134C1K7;W3Y3U5;D1YMY3	
269	6892	jrudney_chenx096_20141211_14470_737ws_08_24.8578.8578.2	EMDKEFLMPVEDVFTITGR	L7YBT3	
270	6028	jrudney_chenx096_20141211_14470_737ws_08_24.7570.7570.2	MEQFLENIKDLEVTTVAR	A0A0F2E5J3;A0A095ZNQ5;A0A139P1S6;A0A024DF02	
271	4996	jrudney_chenx096_20141211_14470_737ws_08_24.6366.6366.4	TLVTYSLFDEHNNFNHEAFQNR	D6KI93;F5KZ42;W1WRJ9;W1UWF5;A0A134C2N3;A0A134BTL8	
272	6536	jrudney_chenx096_20141211_14470_737ws_08_24.8163.8163.2	VLVILEEGNEFAALSAR	A0A2I1U476;A0A1L7MXA2;B5E6F6;A0A089WYJ9;A0A089X420;A0A1X1FNW3;F3SKL0;A0A081Q9H4;A0A127TUM8;D3HB90;F9PXQ8;A0A0T7K575;A0A1V2SL06;A0A0F2CSF0;A0A0F2CYN5;A0A0E2J4Q6;A0A0Z8J7W8;A0A0B7GMC6;A0A089YQ58;A0A150NKD0;I2JA54;A0A139RP08;A0A0U0IS95;A0A081JJZ3;A0A1Q8E5I0;A0A0T8BUC4;K0Z1W9;A0A0E1XTZ4	
273	5469	jrudney_chenx096_20141211_14470_737ws_08_24.6918.6918.3	VMVDYYGSPSPINQVANISVPEPR	D1BMD3;E4LCU4;C4FR12	
274	7011	jrudney_chenx096_20141211_14470_737ws_08_24.8717.8717.3	DTDKPFLMPVEDVFTITGR	E4LBN4;G5GQF3;A0A0C2V155;E1L6A7;A0A081NVB1;A0A0U2INL2;A0A1H9D8W8;E1LAL6;A0A1H8UZ82;D6KQK6;A0A1B3X5W2;L1PWB8;A0A0D5NIS3;E1LE21;A0A1I2YAR9;A0A134C5I3;E4LBL6;A0A1I3V276;S2ZTF5;A0A0U0IGI4;A0A239ZQR0;D1BP65;C4FNA6;A0A1V0XDN0;A0A1H2RMB0;C4FSW6;A0A1G4VYR6;A0A0Q1GHG4;T0T2A6;A0A239RAQ0;C4FNC4;D6KM36;A0A109WI72;A0A134BUB2;E4LI88;D6KQI8;A0A1V0XDE0;A0A1I6ZQD9;W1WL88;E7N1T5;A0A1G4PQ21;A0A2J8AXT7;I0GNQ6;D6KM38;W3Y7T7;A0A0K1FG08;A0A1I3BNY5;A0A015L1S7	
275	3107	jrudney_chenx096_20141211_14470_737ws_08_24.4162.4162.2	LLEEVEDDATR	A0A081QCE0;A0A0F3HTG2;A0A0E8T7N1;A0A064C0P3;A0A0F2CN39;A0A081Q5B8;A0A0F2DFE0;A0A0B7KTI3;A0A0T7YNA6;F0I0B2;A0A1F0KCX4;A0A0E9GX75;D0RW50;A0A0B7GJE6;A0A081PRA3;A0A081QXX2;A0A0F2CP63;A0A0A0DFS1	
276	6446	jrudney_chenx096_20141211_14470_737ws_08_24.8058.8058.3	VVDHFGDLNVVVNNAGVAPTTPLDTITEEQFTR	A0A1F2GEN3;V8BH32;A0A1F0AXF8;A0A0T8EE38;A0A1F0YGE1;A0A134DCA8;A0A0F2CLW8;I1ZLJ1;D0RTM5;A0A1X1JIY5;A0A0F3H478;F8DGG4	
277	5487	jrudney_chenx096_20141211_14470_737ws_08_24.6939.6939.3	LAAIDGDVVNGAVQVGQALNR	A0A133S6X1;E1L5X4;S3AUF3	
278	5965	jrudney_chenx096_20141211_14470_737ws_08_24.7497.7497.3	THLQDAVPITLGQEMGAYASGIR;THLQDAVPITLGQEMGAYASAVR	A0A2I1TH84;D1BP73;T0T298;D6KQJ7;E4LBM4;A0A0K1FGI0;A0A134C1K7;W3Y3U5;D1YMY3	
279	6575	jrudney_chenx096_20141211_14470_737ws_08_24.8208.8208.3	MLADLAVNDATAFTALADAAK	A8AX13	
280	6632	jrudney_chenx096_20141211_14470_737ws_08_24.8275.8275.2	VLVILEEGNEFAALSAR	A0A2I1U476;A0A1L7MXA2;B5E6F6;A0A089WYJ9;A0A089X420;A0A1X1FNW3;F3SKL0;A0A081Q9H4;A0A127TUM8;D3HB90;F9PXQ8;A0A0T7K575;A0A1V2SL06;A0A0F2CSF0;A0A0F2CYN5;A0A0E2J4Q6;A0A0Z8J7W8;A0A0B7GMC6;A0A089YQ58;A0A150NKD0;I2JA54;A0A139RP08;A0A0U0IS95;A0A081JJZ3;A0A1Q8E5I0;A0A0T8BUC4;K0Z1W9;A0A0E1XTZ4	
281	5146	jrudney_chenx096_20141211_14470_737ws_08_24.6541.6541.2	SIPNLVETSNNIAIVR	D1YNF3;A0A134BZU0;D6KRE0;D6KL29;A0A2I1TGP5;D1BQZ6	
282	6855	jrudney_chenx096_20141211_14470_737ws_08_24.8535.8535.3	TAIEEGIDLVVAGAGFSR	A0A239YTM8;S3A0H3;W1V8Q8;E1LCE0;A0A134BVR3;A0A096BXI2;D1YMT8;W1WD63;D6KMD5;F5KY06	
283	2783	jrudney_chenx096_20141211_14470_737ws_08_24.3784.3784.2	EVQEAYETLSDEQKR	U5P5Q3;A0A0B8QPT3;A0A2A5SPT1;D6P876;A0A127TTH3;A0A2A5SRF6;A0A0V8CX86;A0A2A9IHS8;A0A167A9R7;A0A166SYF5;A0A0V8BNT8;A0A0H1RKF4	
284	5748	jrudney_chenx096_20141211_14470_737ws_08_24.7243.7243.3	DHVLNHLDYYVNQFAENAEK	E4LEY1	
285	5327	jrudney_chenx096_20141211_14470_737ws_08_24.6752.6752.4	MLRTLLPVLFVLLSCAAFGQNSFTIK	A0A0Q5URI7	
286	7090	jrudney_chenx096_20141211_14470_737ws_08_24.8809.8809.4	ETQITITINLDGSGQGRFDTGVPFLEHMLDQIAR	A0A0B5CRL1	
287	5691	jrudney_chenx096_20141211_14470_737ws_08_24.7177.7177.3	IAVSGEMHGPELPDTIYLLGR	A0A0F2CGF4;A0A060RL24;A0A139N4D1;A0A0F2CGD1;A0A0B7GNM0	
288	6403	jrudney_chenx096_20141211_14470_737ws_08_24.8008.8008.4	VVDHFGDLNVVVNNAGVAPTTPLDTITEEQFTR	A0A1F2GEN3;V8BH32;A0A1F0AXF8;A0A0T8EE38;A0A1F0YGE1;A0A134DCA8;A0A0F2CLW8;I1ZLJ1;D0RTM5;A0A1X1JIY5;A0A0F3H478;F8DGG4	
289	2370	jrudney_chenx096_20141211_14470_737ws_08_24.3302.3302.2	DGVSITGPNGADGTDGK	T0U2R9;W1ULN2;F5L0W9;W1UVT9;F5L0X2;D1BQC2;D1YLX8;A0A239Y546	
290	5733	jrudney_chenx096_20141211_14470_737ws_08_24.7226.7226.2	AVLNQVVSDLYTAR	A0A139N2U7;N0CDX2;A0A0F2CMY4	
291	6789	jrudney_chenx096_20141211_14470_737ws_08_24.8458.8458.3	MLADLAVNDAAAFTALADAAK	I0SFY0;A0A120KPH4;A0A0F2CRK4;A3CNY7;A0A0T7K3P8;A0A239ST46;A0A2D4DP50;A0A1X1ICA6;A4W251;A0A0A0DGL1;A0A1X0WTI7;A0A139NKH4;A0A139PDS0	
292	5155	jrudney_chenx096_20141211_14470_737ws_08_24.6552.6552.3	AVITATNMLETMTEKPR	A0A0D1B3H0;A0A0Z8HV85;A0A0P6SFS9;A0A072EL30;A0A0A6S9E0;A0A0Z8G6L0	
293	6584	jrudney_chenx096_20141211_14470_737ws_08_24.8219.8219.2	VLVILEEGNEFAALSAR	A0A2I1U476;A0A1L7MXA2;B5E6F6;A0A089WYJ9;A0A089X420;A0A1X1FNW3;F3SKL0;A0A081Q9H4;A0A127TUM8;D3HB90;F9PXQ8;A0A0T7K575;A0A1V2SL06;A0A0F2CSF0;A0A0F2CYN5;A0A0E2J4Q6;A0A0Z8J7W8;A0A0B7GMC6;A0A089YQ58;A0A150NKD0;I2JA54;A0A139RP08;A0A0U0IS95;A0A081JJZ3;A0A1Q8E5I0;A0A0T8BUC4;K0Z1W9;A0A0E1XTZ4	
294	6103	jrudney_chenx096_20141211_14470_737ws_08_24.7658.7658.2	AVDNVNNVIAEHIIGFDVR	A0A0E2Q474	
295	5038	jrudney_chenx096_20141211_14470_737ws_08_24.6415.6415.2	ITDFLSANAEVIAR	A0A0E2J702;A0A0F3HU45;A0A1V0H1Q0;A0A0B7GRD1;A0A1Q8E7D9;A0A1B1IHK3;A0A139PRB4;A0A134DBY8;A0A1F0ZVM0;A0A081SBD5;A0A0F2CLD2;A0A139MZQ3	
296	7408	jrudney_chenx096_20141211_14470_737ws_08_24.9180.9180.3	DTDKPLLLPVEDVFSITGR	A0A0V7XXJ9;A0A139Q9A6;A0A0P6S287;A0A139N847;A0A074J0H1;A0A068AX70;A0A239XAW3;A0A0F2CHU7;A0A0E2Q2Q4;A0A139MSW0;A0A0F2DZD6;A0A068AVD8;A0A0T9AK66;A0A1C3SQA8;A0A068AZL7;A0A068AX89;U2KP19;E9JSD9;A0A0F2E0T5;A0A068AZM0;A0A0A6S7A0;A0A068AXL7;A0A1Q8RH34;A0A1F0Y638;A8AWA0;A0A0C1K7P6;A0A068AXM2;A0A0E3WFP9;A0A081QC88;A0A060RLJ8;A0A089VMG5;A0A1F0ZYK7;A0A0F2CEN3;A0A068AXD9;A0A134D8Y6;D2ERE6;A0A068AXB5;A0A1Q8EFI2;A0A133CT44;A0A139NMV1;A0A1V2SQ62;B5XKI1;A0A068AVI8;A0A068AXP7;B9DRL9;A0A068AZM1;A0A139NJL2;A0A139PDY6;A0A0T8YMT5;B6CEF8;A0A139NRE4;A0A0T8ABN3;A0A0W7V713;E3CHK3;A0A068AVJ6;A0A068AX77;B2IQV2;A0A0Y1UR78;A0A0B7GLJ1;A0A0A0DJR7	
297	6668	jrudney_chenx096_20141211_14470_737ws_08_24.8317.8317.3	TVEAYLESVNASVVEFAR	A0A1X1H794;A0A0B7GSY2;A0A0T7Z848;A0A139NPC2;A0A0T8BW74;A0A0T8UCH1;A0A0F2CNS2;E9FPJ6;A0A0T8AAU6;F9E354;F9LZX2;A0A0T7T3L1;A0A1S1CVA7;F0IS73;A0A081QKJ2;F0IJK2;A0A0F2D3N5;A0A096AQE2;F2BNY3;A0A1H0SPK2;A0A0E2P6N2;J4NLQ8;K1ALA3;A0A1F0T9W3;A0A081QF24;A0A1X1IE76;A0A0U0CVP7;A0A139QRS2;A0A139PEK9;F9HPZ6;A0A150NJI4;A0A081PZ83;A3CQW2;A0A1E1GDA4;A0A139Q1D3;A0A0F3HST3;A0A0F2DI59;A0A0F3HX18;A0A0E9GX06;A0A024DGP5;A0A139QYC3;A0A0U0G4P6;A0A1V0H1S7	
298	6217	jrudney_chenx096_20141211_14470_737ws_08_24.7791.7791.2	VQLVGDDFFVTNTDYLSR	A0A1E8UPV9;A0A095ZBH3;A0A1F0B0L3;A0A1G6CR95;A8AY46;U5P8P6;A0A1S1H1A7;E5G5D0;A0A1F0ZY04;A0A1F1DA30	
299	3207	jrudney_chenx096_20141211_14470_737ws_08_24.4279.4279.3	VTIIGGGVVGTHAAR	A0A139MPG1;A0A0F2E0T1;A0A098ZAD0;A0A096ANA1;A0A133S272;F9DYZ6;J7THE3;A0A074ITS3;A0A139QPB8;F0FSW6;F2C560;A0A1F0Y6P0;A0A0F2D9H9;A0A1F2GJV5;F0I2S4;A0A1E9DT94;A0A0F2CS27;A0A0A1DWA9;A0A134D8U4;A0A081R6C5;A0A0F3HCN8;A0A0F2CHD2;A0A0C1KHX3;A0A0F3H5X0;D0RUP6;A0A0F5MJI9;A0A024DGF5;A0A2I1ZE21;A0A139N2L5;A0A0F3HS72;F0IW61;A8AW50;A0A1V0GZM9;A0A0B7GRY5;A0A081PRE5;A0A0X8UU88	
300	6758	jrudney_chenx096_20141211_14470_737ws_08_24.8422.8422.3	DTDKPFLMPVEDVFTITGR	E4LBN4;G5GQF3;A0A0C2V155;E1L6A7;A0A081NVB1;A0A0U2INL2;A0A1H9D8W8;E1LAL6;A0A1H8UZ82;D6KQK6;A0A1B3X5W2;L1PWB8;A0A0D5NIS3;E1LE21;A0A1I2YAR9;A0A134C5I3;E4LBL6;A0A1I3V276;S2ZTF5;A0A0U0IGI4;A0A239ZQR0;D1BP65;C4FNA6;A0A1V0XDN0;A0A1H2RMB0;C4FSW6;A0A1G4VYR6;A0A0Q1GHG4;T0T2A6;A0A239RAQ0;C4FNC4;D6KM36;A0A109WI72;A0A134BUB2;E4LI88;D6KQI8;A0A1V0XDE0;A0A1I6ZQD9;W1WL88;E7N1T5;A0A1G4PQ21;A0A2J8AXT7;I0GNQ6;D6KM38;W3Y7T7;A0A0K1FG08;A0A1I3BNY5;A0A015L1S7	
301	7327	jrudney_chenx096_20141211_14470_737ws_08_24.9086.9086.3	TADQAGLIIPVVISVYEDR	C8NHK5	
302	3324	jrudney_chenx096_20141211_14470_737ws_08_24.4415.4415.2	VLLKPAVEGSGVAAGGAVR	A0A0D1ASJ4;A0A139NNM1;A0A0E4CTT2;A0A139PLT3;A0A139PAC6;A0A0H3BVE1;Q04ML9;A0A0F2E3B3;A0A0T8AFR4;A0A0E1DZF6;A0A0A6S2P0;A0A0P6SLC1;J5GJP8;A0A139RP93;A0A1X1H984;A0A0M4JTX7;A8AZK8;A0A1X1G7U9;A0A139RBM7;A0A095ZEI8;G6A6Z5;A0A0E2UD75;A0A1X0WPR7;A3CK81	
303	3953	jrudney_chenx096_20141211_14470_737ws_08_24.5149.5149.3	YNAQFSSLEALHHVANGR	A0A0M4K6P8;A0A1E9DYF7;A0A0F3HT97;A0A139NG39;A0A1F2GJA8;A0A1V0H2E5	
304	2175	jrudney_chenx096_20141211_14470_737ws_08_24.3075.3075.2	EHEQEIMSGTVER	A0A0F2E1R3;A0A0U0A4M0;A0A0U0K8U2;A0A081PTM6;A0A081Q6J6;A0A096BLM0;A0A0F2E088;A0A081SD84;A0A081R053;A0A081Q415	
305	5255	jrudney_chenx096_20141211_14470_737ws_08_24.6668.6668.4	ALDHKPHIIIDDGGDLVNLLHTTR	D1YRA9;A0A096CSS7;A0A134BSL6;A0A133S6P1;A0A1V0XBA1;A0A134BWS7;R5BLW0;T0T3A2;E4LG26;C4FQS7;D1BMM1;A0A2I1TIT0	
306	5150	jrudney_chenx096_20141211_14470_737ws_08_24.6546.6546.3	AVQTDGSSVVLTNIATLNNAR	A0A1V0XB62;L1PYU8;A0A134C4B9;E1LAA2;A0A239YZD0;D6KHN8;W1W386;A0A134BWZ7;T0U6Q3;A0A2I1TIP4;W3Y4R7	
307	5191	jrudney_chenx096_20141211_14470_737ws_08_24.6594.6594.2	YAPSPTGLLHIGNAR	A0A0F2CGF4;A0A060RL24;A0A139N4D1;A0A0F2CGD1;A0A0B7GNM0	
308	6633	jrudney_chenx096_20141211_14470_737ws_08_24.8276.8276.3	TALGKEETLSTIQLDFLLPER	A0A1E1GC80;A0A0T8XYU4;A0A127TSU2;A0A0E2RDF0;A0A081QXG2;A0A0F2E6K0;A0A081PNT8;A0A0M4K0J4;E8KCC6;A0A081R2H6;A0A0E2Q2Y9;A0A0E9GTA3;A0A0U0J0H1;A0A081QBM3;A0A081Q031;A0A024DGI6;A0A0F3H5P5;A0A1E8U4A2;A0A0E8T402	
309	3457	jrudney_chenx096_20141211_14470_737ws_08_24.4571.4571.2	GNVVEGQVVQVEDER	A0A133S5A4	
310	6063	jrudney_chenx096_20141211_14470_737ws_08_24.7611.7611.3	EALQAQGVNFPIHLDLPVSQSDK	A0A1V0H271;D0RWH2;A0A0F2CNN5;A0A0F3HRE7	
311	4669	jrudney_chenx096_20141211_14470_737ws_08_24.5985.5985.4	EGVFAGGDVVHKPATVVLAMR	D6KPU9;A0A239ZXE0;A0A133S4E2;E1LD01;D1BPT8;A0A124EFS2;E1L7K4	
312	7004	jrudney_chenx096_20141211_14470_737ws_08_24.8709.8709.4	VNHTVSSLAGEDTAVQSIAVEANKDILSPLPVGTALLDGNYEGANK	A0A2I1TJ23;W1UUC2;D1BMV3;A0A134C730	
313	4733	jrudney_chenx096_20141211_14470_737ws_08_24.6059.6059.2	QGNALAWATAGGSGFR	A0A1C7BWV5;Q7VKF6;A5UDS4;U1R3W3;I3DKV7;B8F6P8;P44379;Q0I139;A0A0F5EQM5	
314	6550	jrudney_chenx096_20141211_14470_737ws_08_24.8179.8179.2	LMDVEQPELAIVFGR	A0A139RMT2	
315	5881	jrudney_chenx096_20141211_14470_737ws_08_24.7399.7399.2	VVSWYDNEMSYTAQLVR	A0A0F2E9L8;Q1J8I3;A0A1X1KIY3;A0A0M9FFB2;I2NP51;C5NU95;A0A0F3HQ30;A0A0C1KFY6;I1ZP68;A0A081Q7S6;S3B5M3;A0A0E2UEK9;B9DVS1;A0A081QIN6;A0A1S1XXP5;A0A0A6S344;A0A172W5A9;A0A0T7T4B0;A0A0T8QQX8;A0A0U0L2D5;E1LI21;F9HFS5;A0A0F2CXS6;A0A0U0I262;A0A1F0ZVS9;J7M6M6;A0A081SDF3;A0A139M5R4;A0A0E2P3V6;Q68AZ1;A0A0F3HUJ0;A0A139PTN6;A0A0E8JNM6;G5K4Y2;A0A134A5X0;Q3Y454;A0A1E8U0P6;A0A0P6SHV4;A0A0T8BIL3;E8K1K1;D0UVL6;A0A0F2DHS3;M4YYN4;A0A0T9H3X3	
316	7248	jrudney_chenx096_20141211_14470_737ws_08_24.8993.8993.3	AVDNVNNIIAEAIIGYDVR;AVDNVNNIIAEAILGYDVR	A0A139RNI8;K0GZF7;A0A1X1K2J6;A0A100GPC0;A0A081QA14;A0A1Y3JD87;A0A127TSM0;A0A0F2D2U4;E5G5C1;A0A242IZ01;A0A0F2DWC3;A0A081QYJ6;A0A1E8UPV9;A0A1F0B0L3;A0A1G1SFA1;A0A139MBU8;S4DM25;C8NGI4;U5P8P6;E1LKY0;A0A1L8MPN9;A0A1I1UU46;A0A1S1H1A7;A0A0T7IE38;B5E4P1;A0A1X1IS63;A0A1C2CKC8;A0A178KJ02;A0A2I1TU62;A0A0T9ACW8;A0A0U0CE57;A0A0T7K4I8;A0A1A7T862;A0A1F1DA30;A0A1G9AA11;A0A081QQC5;A0A0F3HCW2;A0A095ZBH3;A0A133CMW8;A0A0H1UA29;A0A0V7YLL4;E5G5D0;A0A1X1KPB8;A0A1F0ZY04	
317	6329	jrudney_chenx096_20141211_14470_737ws_08_24.7921.7921.3	IADQISDAVLDAIIEKDPTAR	E4LCT0;D6KMQ4;A0A134BX25;C4FR26	
318	6687	jrudney_chenx096_20141211_14470_737ws_08_24.8339.8339.3	AMLEDIAILTGGTVITEDMGR	A0A2I1TJ07;R5BG80;A0A239Z5W9;K9DJT7;T0SWG4;A0A096ALN4;W3Y7K7;D6KN81;D1BMV8;C4FQE4;D6KI25;A0A134C252;A0A133S5W2	
319	5197	jrudney_chenx096_20141211_14470_737ws_08_24.6601.6601.2	MNEQVSYLYQPYNPSILR	F0FSL3;E8JSE4;E6J3S7;F0FEH8;A0A1H0M200;A0A1S1H5V2;A0A0M5KF02;A0A0D1BH26;A0A1X1G0S3;F0INJ8;A0A072EKV4;F3UR68;A0A081JIG5;A0A081QPW3;B9DSN6;A0A081Q2Y8;A0A0F3HTY3;K4Q9P1;A0A081Q3Y5;Q3LSL7;A0A0E2RDU2;A0A0T8UEF8;F0ITD3;A0A0P0N9B5;A0A0Z8U2B1;A0A0M3RTF8;F3SIS6;A0A1V0H2P7;A0A0D0ZUW3;A0A0Z8GRB5;A0A1E9DN43;A0A081PR51;A0A126UM53;I0SF98;A0A074J0R7;A0A139NFL7;A0A139N1I8;A0A1S1CS04;A0A2I1ZYV8;A0A0E1DY21;A0A075SHC1;A0A0T7ZB32;Q1J611;A0A0E1XJB9;A0A2I1YS43;A0A0E2IUV4;A0A0F2E408;A0A0B7LFZ1;N0C2N7;A0A0A0DIW0;A0A0F2CP42;A0A139MNE2;A0A081QU24;A0A081SCQ1;A0A1X1G6B1;A0A111MVL2;A0A0Z8B6P3;A0A0F2CSY5	
320	6379	jrudney_chenx096_20141211_14470_737ws_08_24.7980.7980.3	IADQISDAVLDAIIEKDPTAR	E4LCT0;D6KMQ4;A0A134BX25;C4FR26	
321	6263	jrudney_chenx096_20141211_14470_737ws_08_24.7844.7844.4	GQGEPLTGKLTLPPGATVDHMLMESDDQK	A0A1V2GIG1;A0A0K4QM37;A0A0J2EDI5;A0A1U9SUW4;A0A2G9B6T4;A0A0A1ACN5;A0A0G3KBV1;A0A069XY00	
322	7238	jrudney_chenx096_20141211_14470_737ws_08_24.8982.8982.3	DADINDLVKPGETLELLVLR	E8KPD8;F0I266;A0A0B7GNP1;A0A139MV59;A0A139NSG9;F0IM99;F9P696;A0A2I1ZCS2;I0SG96;F3UAU1;F2BRX0;A0A1F0YFU4;A0A0C1K6G5;I2NC45;A0A1F1CHE1;A3CN72;I1ZLP6;A0A139QIZ1;F2CCF0	
323	3718	jrudney_chenx096_20141211_14470_737ws_08_24.4875.4875.2	GTVIEIEEDAATR	A0A0A1DZS8;A0A074JC08	
324	6421	jrudney_chenx096_20141211_14470_737ws_08_24.8029.8029.2	MVTDPIADFLTR	A0A191TNW5;A0A0C1IR53;A0A0C1IIC8;A0A162R5A2;A0A1M3QWF0;A0A1H3D1S5;A0A172TSX7;A0A1A9I029;A0A0E9N378;A0A1M3G529	
325	5708	jrudney_chenx096_20141211_14470_737ws_08_24.7197.7197.3	YIDAGQLVPDSVTVGIVR	D6KQM9;W3Y3Y0;A0A134C223;A0A134C9G1;E4LBJ3	
326	3218	jrudney_chenx096_20141211_14470_737ws_08_24.4292.4292.2	LAGVEDDVNVSDADAR	A0A133S2Z8;W1W7M9;A0A134C331;D6KID2;E1L984;A0A239ZBY4;A0A134C800;E4LDK3;D6KNI5	
327	6680	jrudney_chenx096_20141211_14470_737ws_08_24.8331.8331.2	VLVILEEGNEFAALSAR	A0A2I1U476;A0A1L7MXA2;B5E6F6;A0A089WYJ9;A0A089X420;A0A1X1FNW3;F3SKL0;A0A081Q9H4;A0A127TUM8;D3HB90;F9PXQ8;A0A0T7K575;A0A1V2SL06;A0A0F2CSF0;A0A0F2CYN5;A0A0E2J4Q6;A0A0Z8J7W8;A0A0B7GMC6;A0A089YQ58;A0A150NKD0;I2JA54;A0A139RP08;A0A0U0IS95;A0A081JJZ3;A0A1Q8E5I0;A0A0T8BUC4;K0Z1W9;A0A0E1XTZ4	
328	7007	jrudney_chenx096_20141211_14470_737ws_08_24.8712.8712.2	DTDKPFLMPVEDVFTITGR	E4LBN4;G5GQF3;A0A0C2V155;E1L6A7;A0A081NVB1;A0A0U2INL2;A0A1H9D8W8;E1LAL6;A0A1H8UZ82;D6KQK6;A0A1B3X5W2;L1PWB8;A0A0D5NIS3;E1LE21;A0A1I2YAR9;A0A134C5I3;E4LBL6;A0A1I3V276;S2ZTF5;A0A0U0IGI4;A0A239ZQR0;D1BP65;C4FNA6;A0A1V0XDN0;A0A1H2RMB0;C4FSW6;A0A1G4VYR6;A0A0Q1GHG4;T0T2A6;A0A239RAQ0;C4FNC4;D6KM36;A0A109WI72;A0A134BUB2;E4LI88;D6KQI8;A0A1V0XDE0;A0A1I6ZQD9;W1WL88;E7N1T5;A0A1G4PQ21;A0A2J8AXT7;I0GNQ6;D6KM38;W3Y7T7;A0A0K1FG08;A0A1I3BNY5;A0A015L1S7	
329	7065	jrudney_chenx096_20141211_14470_737ws_08_24.8780.8780.3	LTDLPFLMPVEDVFSITGR	A0A1G1T5U6;A0A142HHU5;A0A076HSJ7;A0A0A7LQQ3;A0A0H4VFY6	
330	5467	jrudney_chenx096_20141211_14470_737ws_08_24.6916.6916.3	EVSFGEYGLQATTSHWITNR	A0A0E2PZ39;A0A1J7W5K5	
331	5682	jrudney_chenx096_20141211_14470_737ws_08_24.7166.7166.2	MISVFDTNPVVFESTDR	W1UX31;D1BPT3;A0A239ZWQ9;D1YPF0;D6KJI0;A0A2I1THS0	
332	6804	jrudney_chenx096_20141211_14470_737ws_08_24.8475.8475.2	EMDKEFLMPVEDVFTITGR	L7YBT3	
333	4338	jrudney_chenx096_20141211_14470_737ws_08_24.5598.5598.4	KNLIEVPMVGTTIPHEVR	A0A060RIT2;A0A139NMR4;A0A1Q8EBT5	
334	7314	jrudney_chenx096_20141211_14470_737ws_08_24.9070.9070.2	AMLEDIAILTGGTVITEDMGR	A0A2I1TJ07;R5BG80;A0A239Z5W9;K9DJT7;T0SWG4;A0A096ALN4;W3Y7K7;D6KN81;D1BMV8;C4FQE4;D6KI25;A0A134C252;A0A133S5W2	
335	5050	jrudney_chenx096_20141211_14470_737ws_08_24.6429.6429.2	AAYEAAFNNAFNAVR	A0A0F2CPU8;A0A0F3HPU4;O52309;A0A139MYL5;A0A0M3SM72	
336	5774	jrudney_chenx096_20141211_14470_737ws_08_24.7274.7274.3	TENPNNILGTFSTISSIDHGTK	A0A024DEY3;A0A0F2CUI8	
337	7229	jrudney_chenx096_20141211_14470_737ws_08_24.8971.8971.2	YRPDADILAITFDELTQR	E6KMA2;A0A139NUH8;A0A0F2D3A8	
338	6775	jrudney_chenx096_20141211_14470_737ws_08_24.8442.8442.3	SHPDEVEAPEGITFELPNPTTIVVSGISK	A0A1X1GY18;A0A0F2E5I4;F9HEV8;A0A081Q9G0;A0A139NW44;A0A139QEJ1;A0A127TUN5;A0A139RP59;A3CK79;A0A1E8USZ6;A0A064C5Q4;A0A1X1IZR5;F0FP93;B5E6H0;A0A024DGC2	
339	4521	jrudney_chenx096_20141211_14470_737ws_08_24.5812.5812.2	NMTVAVQGFGNVGSVGAR	A0A133S7D0;E1L6E4	
340	1965	jrudney_chenx096_20141211_14470_737ws_08_24.2830.2830.2	KQAADAVAEEAVR	A0A139Q2J8;A0A0T8WHX0;A0A1E8UVG5;A0A0U0FHX5;A0A0T8UCD4;A0A133RVW0;A0A0T8B629;A0A0U0AMJ0	
341	6291	jrudney_chenx096_20141211_14470_737ws_08_24.7877.7877.4	TMDGNQAAAHVSYGFTEVAAIYPITPSSPMPEHIDEWAASGR	E1L825;T0U5R3;A0A134BU66;A0A1V0XCZ7;A0A134BYS6;D6KKD6;D1YQF6;D1BNW1;E1L9G4;L1Q169;C4FNM7;A0A133S4J1;X8HM91;D6KQU7	
342	5182	jrudney_chenx096_20141211_14470_737ws_08_24.6583.6583.3	AIEEEFGVTAAAPVAVAAAGGAEGGAAK	A0A134C1D5;W1W7P6;A0A117J1T7;T0SUW3	
343	2982	jrudney_chenx096_20141211_14470_737ws_08_24.4016.4016.2	GVEISEEEALKER	D1BN72;A0A2I1TJC4;F5KZ83;D6KID0;W1V3E6;D6KNI3;A0A134C7R0	
344	6901	jrudney_chenx096_20141211_14470_737ws_08_24.8589.8589.3	TAIEEGIDLVVAGAGFSR	A0A239YTM8;S3A0H3;W1V8Q8;E1LCE0;A0A134BVR3;A0A096BXI2;D1YMT8;W1WD63;D6KMD5;F5KY06	
345	6172	jrudney_chenx096_20141211_14470_737ws_08_24.7738.7738.2	GLQTALNVVEGMQFDR	A0A2I1TJ07;W3Y7K7;D6KN81;D1BMV8;C4FQE4;A0A239Z5W9;Q8KP73;A0A134C252;A0A133S5W2;T0SWG4	
346	5516	jrudney_chenx096_20141211_14470_737ws_08_24.6973.6973.2	IIYAISDSLGETAEAVAR	A0A134C1X5;D6KNA6;E1L944;A0A1V0XBK4;A0A134C760;D1YRM0;A0A239Z7C2	
347	6785	jrudney_chenx096_20141211_14470_737ws_08_24.8453.8453.2	VPLFIEVDDVLR	A0A134C4C3;A0A134BWU7;A0A133S6J5;C4FQV8;D6KMX1;E4LFY9	
348	6161	jrudney_chenx096_20141211_14470_737ws_08_24.7725.7725.4	TASILGNGEMQFNYLDNAILIDAQKHPEK	A0A1E9DXN0	
349	5868	jrudney_chenx096_20141211_14470_737ws_08_24.7383.7383.4	ATLSSILYELALELGINDAPR	F9Q9L3	
350	6580	jrudney_chenx096_20141211_14470_737ws_08_24.8214.8214.3	IQGGWSDFDVVVATPDMMGQVGR	A0A134C1W1;A0A1V0XCY5;A0A239ZPH4;T0T2A1;A0A117J1U4;E1LAM1	
351	6523	jrudney_chenx096_20141211_14470_737ws_08_24.8148.8148.3	DTDKPFLMPVEDVFTITGR	E4LBN4;G5GQF3;A0A0C2V155;E1L6A7;A0A081NVB1;A0A0U2INL2;A0A1H9D8W8;E1LAL6;A0A1H8UZ82;D6KQK6;A0A1B3X5W2;L1PWB8;A0A0D5NIS3;E1LE21;A0A1I2YAR9;A0A134C5I3;E4LBL6;A0A1I3V276;S2ZTF5;A0A0U0IGI4;A0A239ZQR0;D1BP65;C4FNA6;A0A1V0XDN0;A0A1H2RMB0;C4FSW6;A0A1G4VYR6;A0A0Q1GHG4;T0T2A6;A0A239RAQ0;C4FNC4;D6KM36;A0A109WI72;A0A134BUB2;E4LI88;D6KQI8;A0A1V0XDE0;A0A1I6ZQD9;W1WL88;E7N1T5;A0A1G4PQ21;A0A2J8AXT7;I0GNQ6;D6KM38;W3Y7T7;A0A0K1FG08;A0A1I3BNY5;A0A015L1S7	
352	3557	jrudney_chenx096_20141211_14470_737ws_08_24.4687.4687.2	ITSDEIETLER	J4JFL7;A0A133S7C4	
353	4780	jrudney_chenx096_20141211_14470_737ws_08_24.6114.6114.3	SVYGYNLGEHGNSQFTAWSQVR	A0A1G9MTN0;H6PA23;A0A1H0YLZ6;A0A091CB43	
354	5959	jrudney_chenx096_20141211_14470_737ws_08_24.7490.7490.3	FDGFVHAIAFAPGDQLDGDYVNAATR	A0A0F5EQU8;A0A0E1RJF3;A0A0Y7M7K1;A0A1B8R0F3;A0A1B8QRK8;A0A1R0EB25;A0A0N2CV04;A0A0K1N2X2;F9H8D5;U1R4Y1;A0A0D0GXJ8;A0A0M1GHE9;A0A1F0UG57;A0A0H4HQI8;A0A0F5EXP4;F0ESX2;F9GWA9;A0A1B8PEY8;U1R6L8	
355	3645	jrudney_chenx096_20141211_14470_737ws_08_24.4790.4790.2	IILRPQEISNNPGIAR;IILRPQEISNNPGLAR	A0A134C219;A0A096AM16;D6KNT8;A0A134C6Z2;D6KIN3;D1BNH2;A0A2I1TFV6;W1WC58;A0A133S1L8;L1PVS4;A0A1V0XCQ4;F5L2N8;E1LBW2;W3Y5U4;E4LBY1;W1UUP1;E1L6Q7	
356	6050	jrudney_chenx096_20141211_14470_737ws_08_24.7596.7596.2	EAVITVPAYFTDAQR;QAVITVPAYFTDAQR	A0A161QW20;A0A134BWW5;A0A060A8W6;E1L8M9;D2Z2Z7;A0A0K2JBS7;A0A134BT09;L1PZ54;A0A286T6B4;E5BIF3;Q6R405;T0T2P1;Q84DE5;A0A2I1TIN2;A0A133N6H4;D1YR46;A0A1V0XBV0;A0A060A8F5;A0A239Z1M9;C4FQZ0;D0GPQ6;D6KMT9;A0A1G6DF05;A0A017H5T0	
357	2318	jrudney_chenx096_20141211_14470_737ws_08_24.3242.3242.2	YASIDAAPEER	A0A0V7XXJ9;D2ERE6;A0A139Q9A6;A0A1Q8EFI2;A0A133CT44;A0A139N847;A0A0P6S287;A0A139NMV1;A0A1V2SQ62;A0A074J0H1;A0A239XAW3;A0A0F2CHU7;B5XKI1;A0A0E2Q2Q4;A0A139MSW0;A0A0F2DZD6;A0A1C3SQA8;B9DRL9;A0A139PDY6;A0A139NRE4;A0A0F2E0T5;A0A0A6S7A0;A0A1F0Y638;A8AWA0;A0A0W7V713;A0A0E3WFP9;A0A081QC88;A0A060RLJ8;B2IQV2;A0A1F0ZYK7;A0A0F2CEN3;A0A0Y1UR78;A0A0B7GLJ1;A0A0A0DJR7;A0A134D8Y6	
358	6282	jrudney_chenx096_20141211_14470_737ws_08_24.7866.7866.3	ELAYAGFSVLHDEALLPAYR;ELAYAGFSVLHDEALIPAYR	A0A0W7UZB9;A0A1E8ZR18;A0A1S1CST2;A0A1G9NAJ3	
359	7053	jrudney_chenx096_20141211_14470_737ws_08_24.8766.8766.3	VDNVNNIIAEAILGYDVR;VDNVNNIIAEAIIGYDVR	A0A139RNI8;K0GZF7;A0A1X1K2J6;A0A100GPC0;A0A081QA14;A0A1Y3JD87;A0A127TSM0;E5G5C1;A0A0F2D2U4;A0A242IZ01;A0A0F2DWC3;A0A081QYJ6;A0A1E8UPV9;A0A1F0B0L3;A0A1G1SFA1;A0A139MBU8;S4DM25;C8NGI4;E1LKY0;U5P8P6;A0A1I1UU46;A0A1L8MPN9;A0A1S1H1A7;A0A0T7IE38;B5E4P1;A0A1X1IS63;A0A1C2CKC8;A0A2I1TU62;A0A178KJ02;A0A0T9ACW8;A0A0U0CE57;A0A0T7K4I8;A0A1A7T862;A0A1F1DA30;A0A1G9AA11;A0A081QQC5;A0A0F3HCW2;A0A095ZBH3;A0A133CMW8;A0A0V7YLL4;A0A0H1UA29;E5G5D0;A0A1X1KPB8;A0A1F0ZY04	
360	2502	jrudney_chenx096_20141211_14470_737ws_08_24.3456.3456.2	DAMETNAIQSGEIR	A0A134C586;W1V7H7;A0A239YK98;A0A2I1TEP8;A0A134BXD0	
361	7116	jrudney_chenx096_20141211_14470_737ws_08_24.8839.8839.2	VLVILEEGNEFAALSAR	A0A2I1U476;A0A1L7MXA2;B5E6F6;A0A089WYJ9;A0A089X420;A0A1X1FNW3;F3SKL0;A0A081Q9H4;A0A127TUM8;D3HB90;F9PXQ8;A0A0T7K575;A0A1V2SL06;A0A0F2CSF0;A0A0F2CYN5;A0A0E2J4Q6;A0A0Z8J7W8;A0A0B7GMC6;A0A089YQ58;A0A150NKD0;I2JA54;A0A139RP08;A0A0U0IS95;A0A081JJZ3;A0A1Q8E5I0;A0A0T8BUC4;K0Z1W9;A0A0E1XTZ4	
362	6429	jrudney_chenx096_20141211_14470_737ws_08_24.8038.8038.3	VTGLNTGADDYLVKPFDLEELTAR	X8HH60;W1UWF3;A0A239ZWH4;A0A134C9S9;D6KPW7;C4FMG2;D1YPF9;A0A134BTQ5	
363	6736	jrudney_chenx096_20141211_14470_737ws_08_24.8396.8396.3	AMLEDIAILTGGTVITEDMGR	A0A2I1TJ07;R5BG80;A0A239Z5W9;K9DJT7;T0SWG4;A0A096ALN4;W3Y7K7;D6KN81;D1BMV8;C4FQE4;D6KI25;A0A134C252;A0A133S5W2	
364	4319	jrudney_chenx096_20141211_14470_737ws_08_24.5576.5576.3	YDKENKPGISNLMGIYR	E4LE72	
365	7172	jrudney_chenx096_20141211_14470_737ws_08_24.8905.8905.2	AATILAEQLDAFVDLR	C9R2E6;G4A6S4;F9H4J4;E6KVF4;A0A1B8QYB0;A0A142FZA9;A0A0M1GMV1;F9Q8T4;A0A1B8T5P4;A0A0F5EW62;A0A0Y7JG06;A0A0M3G9E5;H0KGE9;A0A0F5EPF9;A0A0D0IIP5;A0A2J9PIG8;A0A1V4B468;A0A1B8P8X9;A0A0N1WJH0;I2NMW0;A0A0K9L198;A0A1T0B5G0;I3DKX4;Q7VKF8	
366	4844	jrudney_chenx096_20141211_14470_737ws_08_24.6189.6189.2	YSGFAFGLGQER	A0A081JI66	
367	4457	jrudney_chenx096_20141211_14470_737ws_08_24.5737.5737.3	DLEVSVEVSKEVTDEDVDAR	A0A0F3HVJ5;A0A127TVH7;A8AVB8;E7S7N3;A0A0M4JSY1;A0A0F5MKS8	
368	6086	jrudney_chenx096_20141211_14470_737ws_08_24.7638.7638.3	NMFALLGKPGFEELGAELNAR	A0A1X1KWC4;A0A0Z8NQT0;F2C9J1;A0A0A0DJ37;F3SLZ3;A0A1E8UE32;F0FH67;A0A0Z8EAT9;A0A0A1DV14;A0A0Z8EZD4;A0A0Z8JNN8;A0A0E2P927;F2BP78;A0A1X1G088;A0A0Z8FYI5;A0A1F0KK57;A0A1F0B4U8;F0IJM2;A0A1X1J1J3;A0A0M9FI85;A0A074IXK0;A0A1Q8ED27;A0A075SM46;A0A0Z8HRS7	
369	7062	jrudney_chenx096_20141211_14470_737ws_08_24.8776.8776.2	DTDKPLLLPVEDVFSITGR	A0A0V7XXJ9;A0A139Q9A6;A0A0P6S287;A0A139N847;A0A074J0H1;A0A068AX70;A0A239XAW3;A0A0F2CHU7;A0A0E2Q2Q4;A0A139MSW0;A0A0F2DZD6;A0A068AVD8;A0A0T9AK66;A0A1C3SQA8;A0A068AZL7;A0A068AX89;U2KP19;E9JSD9;A0A0F2E0T5;A0A068AZM0;A0A0A6S7A0;A0A068AXL7;A0A1Q8RH34;A0A1F0Y638;A8AWA0;A0A0C1K7P6;A0A068AXM2;A0A0E3WFP9;A0A081QC88;A0A060RLJ8;A0A089VMG5;A0A1F0ZYK7;A0A0F2CEN3;A0A068AXD9;A0A134D8Y6;D2ERE6;A0A068AXB5;A0A1Q8EFI2;A0A133CT44;A0A139NMV1;A0A1V2SQ62;B5XKI1;A0A068AVI8;A0A068AXP7;B9DRL9;A0A068AZM1;A0A139NJL2;A0A139PDY6;A0A0T8YMT5;B6CEF8;A0A139NRE4;A0A0T8ABN3;A0A0W7V713;E3CHK3;A0A068AVJ6;A0A068AX77;B2IQV2;A0A0Y1UR78;A0A0B7GLJ1;A0A0A0DJR7	
370	6748	jrudney_chenx096_20141211_14470_737ws_08_24.8410.8410.3	INQLFFENAGLVEQDATYLSNAR	A0A1Q8ED05	
371	6447	jrudney_chenx096_20141211_14470_737ws_08_24.8059.8059.3	QPLNLTNTVEQYDVIATVAGGGPSGQAGAIR	E1LDD5;W1UF00;D6KQP9	
372	7100	jrudney_chenx096_20141211_14470_737ws_08_24.8821.8821.2	AVDNVNNIIAEAIIGYDVR;AVDNVNNIIAEAILGYDVR	A0A139RNI8;K0GZF7;A0A1X1K2J6;A0A100GPC0;A0A081QA14;A0A1Y3JD87;A0A127TSM0;A0A0F2D2U4;E5G5C1;A0A242IZ01;A0A0F2DWC3;A0A081QYJ6;A0A1E8UPV9;A0A1F0B0L3;A0A1G1SFA1;A0A139MBU8;S4DM25;C8NGI4;U5P8P6;E1LKY0;A0A1L8MPN9;A0A1I1UU46;A0A1S1H1A7;A0A0T7IE38;B5E4P1;A0A1X1IS63;A0A1C2CKC8;A0A178KJ02;A0A2I1TU62;A0A0T9ACW8;A0A0U0CE57;A0A0T7K4I8;A0A1A7T862;A0A1F1DA30;A0A1G9AA11;A0A081QQC5;A0A0F3HCW2;A0A095ZBH3;A0A133CMW8;A0A0H1UA29;A0A0V7YLL4;E5G5D0;A0A1X1KPB8;A0A1F0ZY04	
373	5587	jrudney_chenx096_20141211_14470_737ws_08_24.7056.7056.4	LGKEDALLIMAHGTPDPSNAYYSVIQDR	A0A1V0XBW6;A0A2I1TJC0	
374	5488	jrudney_chenx096_20141211_14470_737ws_08_24.6940.6940.4	HDDMPSLGGAAPTLVVHVDVK	A0A171DVX0	
375	4883	jrudney_chenx096_20141211_14470_737ws_08_24.6234.6234.3	KLTQMGIYPAVDPLASSSR	A0A0P6SQS9;A0A072EM52;A0A074JG90;A0A081JI59	
376	2991	jrudney_chenx096_20141211_14470_737ws_08_24.4027.4027.2	VQHVAQYLVNHGVSADR	A0A2I1TEY6;D6KQX4;A0A134BXF6;D1BL94;T0UJ87	
377	3689	jrudney_chenx096_20141211_14470_737ws_08_24.4841.4841.2	LIVALTESGNTAR	Q5M411;A0A0E2Q263	
378	7098	jrudney_chenx096_20141211_14470_737ws_08_24.8818.8818.3	DIRPSGTGESPLANLTDWLEVTREDGVK	C0MET9	
379	2985	jrudney_chenx096_20141211_14470_737ws_08_24.4020.4020.2	RVGDEISELDGR	A0A1V0XAR5;A0A133S2J5	
380	5976	jrudney_chenx096_20141211_14470_737ws_08_24.7509.7509.2	NLTLFLYPDDSDKQGELLR	A0A0F2CEH9;A0A0F2CT11;A0A024DDN6;A0A139MIY4;F0FHE6;A0A0B7GT45;A0A1E9DPI3;A0A081R7U2;A0A0A0DEQ9;A0A1F2G8S1;A0A096BC79;A8AUG8;F0IS15;F0IJE4;A0A0F3HUA8;A0A1V0H138	
381	2297	jrudney_chenx096_20141211_14470_737ws_08_24.3217.3217.2	ERWEQIQGDDER	A0A1V0XDD7;W3Y6X8;E1LAL4;A0A239ZQI0	
382	5728	jrudney_chenx096_20141211_14470_737ws_08_24.7220.7220.2	IAAEGVVQSYIHAGGR	E4LCU2;E1L9M0;F5KYF0;L1PZU7;D6KMR4;A0A134BX38;C4FR14;W1W3X1	
383	4855	jrudney_chenx096_20141211_14470_737ws_08_24.6202.6202.2	FTQAGSEVSALLGR	D6LHA2;A0A0F2CMH4;R5BDA7;A0A1I2XVD3;A0A1G5IF35;A0A1G5Y6C8;A0A0T9ADM0;A0A2C6B6C6;A0A1V5F6G8;A0A0D0IWF5;A0A1Z8NHI6;A0A095ZDA1;A0A085L1T9;A0A1A7KKX9;A0A085B6R4;A0A1D2L289;A0A0E2PKD9;A0A2G3PVQ9;A0A077UKE4;A0A033ULT3;A0A1A5IY04;A0A1L6X1Y9;K1FLE0;A0A081JI59;A0A081QPR2;H1PY35;A0A0A7LLL0;A0A1B1N3X3;A0A1G7HWC6;A0A066WVH0;A0A2A5QMZ4;F3B728;A0A0T5ZPL4;A0A0E1VG60;A0A074JG90;A0A223P470;A0A1I2QYR0;A0A0F7PSE2;A1BCJ2;A0A133NTD8;B3EJK9;A0A024DEC3;H1LXF4;A0A2I0R3I8;A0A081P3F0;A0A2B7YXJ7;U2RYT6;A0A2G4RK32;A0A1M6F779;E8RBC3;F9DH99;A0A0A0DJQ1;A0A074KVA1;F3A5N8;A0A1E9J0L4;A0A0S2ZSH2;A0A2D9HQ16;A0A2A5FMG2;A0A086AYY9;A0A134AIZ9;A0A2C6CN17;R9IP53;A0A1G0QQ85;D6GTR0;A0A2A5HQG1;A0A0F2NUG2;A0A086A6A0;E1NN96;A0A081SIE6;A0A0Q0QUZ8;C9LFW5;A0A1F8SAP4;D7WWX4;A0A069DGA3;A0A0R2ECQ1;A0A085ZB11;A0A023BY83;A0A017H4Q1;A0A081D6Q0;A0A015MH77;W1Q274;A0A0U0KK01;A0A255TD48;C3WEY3;P13356;R5PSJ8;E0E3D5;A0A1E9EIP2;C7XPR7;A0A069S0Z1;A0A0J9DET1;A0A072EM52;A0A2E1FQP6;A0A2G9E8S2;A0A1G8VFY2;A0A0P9FF56;A0A074LFS8;A0A1H9ECZ5;F8N910;A0A2C6B113;D1JMU4;A0A064BXA9;A0A0Q9NGG8;A0A096D077;E4T777;A0A095ZCJ4;A0A0T6A6S0;A0A2G6E4P2;D0J9Z3;A0A2D4ZRM2;A0A0F2DIZ2;A0A2G6M6Z6;A0A2A4D271;A0A0U1MST7;A0A222SEY6;A0A1G5DKZ1;A0A1H6SIU7;A0A1Z9CY06;X8HYY6;R7PAC2;A0A139NFQ1;T0SK32;F3A310;A0A133NBH7;A0A2D9ZDS3;A0A2H0GAM1;A0A2E6M681;R6X0B9;A0A064AIV4;A0A011SY52;R9JC07;A0A1M4VIW2;A0A0C1LB97;A0A077KJ49;R4RGE8;A0A139MZ80;A0A069D633;G5G9B7;U7UAM4;R5Z4B7;A0A0S2ZED4;A0A2G6FDZ0;A0A017NQH0;A0A0Q5SQ35;A0A0G0WC90;A0A0P6SQS9;A0A1Z9UNV6;G5GIB4;A0A1H8H2W2;A0A2D3NXF4;B4SAN6;A0A268J7Y6	
384	6971	jrudney_chenx096_20141211_14470_737ws_08_24.8670.8670.3	EMDKPFLMPVEDVFTITGR	U3Q4P0;D0JAK7	
385	4662	jrudney_chenx096_20141211_14470_737ws_08_24.5976.5976.3	THLQDAVPITLGQEMGAYASGIR;THLQDAVPITLGQEMGAYASAVR	A0A2I1TH84;D1BP73;T0T298;D6KQJ7;E4LBM4;A0A0K1FGI0;A0A134C1K7;W3Y3U5;D1YMY3	
386	7106	jrudney_chenx096_20141211_14470_737ws_08_24.8828.8828.2	DTDKPLLLPVEDVFSITGR	A0A0V7XXJ9;A0A139Q9A6;A0A0P6S287;A0A139N847;A0A074J0H1;A0A068AX70;A0A239XAW3;A0A0F2CHU7;A0A0E2Q2Q4;A0A139MSW0;A0A0F2DZD6;A0A068AVD8;A0A0T9AK66;A0A1C3SQA8;A0A068AZL7;A0A068AX89;U2KP19;E9JSD9;A0A0F2E0T5;A0A068AZM0;A0A0A6S7A0;A0A068AXL7;A0A1Q8RH34;A0A1F0Y638;A8AWA0;A0A0C1K7P6;A0A068AXM2;A0A0E3WFP9;A0A081QC88;A0A060RLJ8;A0A089VMG5;A0A1F0ZYK7;A0A0F2CEN3;A0A068AXD9;A0A134D8Y6;D2ERE6;A0A068AXB5;A0A1Q8EFI2;A0A133CT44;A0A139NMV1;A0A1V2SQ62;B5XKI1;A0A068AVI8;A0A068AXP7;B9DRL9;A0A068AZM1;A0A139NJL2;A0A139PDY6;A0A0T8YMT5;B6CEF8;A0A139NRE4;A0A0T8ABN3;A0A0W7V713;E3CHK3;A0A068AVJ6;A0A068AX77;B2IQV2;A0A0Y1UR78;A0A0B7GLJ1;A0A0A0DJR7	
387	3789	jrudney_chenx096_20141211_14470_737ws_08_24.4958.4958.2	DSALVDDEVLR	A0A1F0ZTA2;E3CER6;E8K821	
388	5689	jrudney_chenx096_20141211_14470_737ws_08_24.7175.7175.3	AIEEEFGVTAAAPVAVAAAGAADAGAAK	E8KBA4;A0A095ZHK4;I1ZM53;J0YJM0;A0A0W7V5E5;A0A139Q8D8;A0A2I1TW33;I0Q445;A8AXG8;A0A224A6W3;F9HEM3;A0A0F3H4H8;A0A2I1UCL8;A0A1F1A6J1;A0A178K523;A0A1F0KGB3;G6C9A8	
389	7146	jrudney_chenx096_20141211_14470_737ws_08_24.8874.8874.3	TVYENIAYAMEVIGESR	A0A081R6V9;A0A081PY11;A0A081QDB4;A0A081SB15	
390	7099	jrudney_chenx096_20141211_14470_737ws_08_24.8820.8820.3	AVDNVNNIIAEAIIGYDVR;AVDNVNNIIAEAILGYDVR	A0A139RNI8;K0GZF7;A0A1X1K2J6;A0A100GPC0;A0A081QA14;A0A1Y3JD87;A0A127TSM0;A0A0F2D2U4;E5G5C1;A0A242IZ01;A0A0F2DWC3;A0A081QYJ6;A0A1E8UPV9;A0A1F0B0L3;A0A1G1SFA1;A0A139MBU8;S4DM25;C8NGI4;U5P8P6;E1LKY0;A0A1L8MPN9;A0A1I1UU46;A0A1S1H1A7;A0A0T7IE38;B5E4P1;A0A1X1IS63;A0A1C2CKC8;A0A178KJ02;A0A2I1TU62;A0A0T9ACW8;A0A0U0CE57;A0A0T7K4I8;A0A1A7T862;A0A1F1DA30;A0A1G9AA11;A0A081QQC5;A0A0F3HCW2;A0A095ZBH3;A0A133CMW8;A0A0H1UA29;A0A0V7YLL4;E5G5D0;A0A1X1KPB8;A0A1F0ZY04	
391	5449	jrudney_chenx096_20141211_14470_737ws_08_24.6895.6895.2	GPDFPTGALILGR	D6KPI9;D1BQ50;A0A134BWA5;A0A134BV46;C4FMN3;A0A2I1TF78;W1V5K7;H9BE98;A0A239ZYM6;E1L9K0	
392	4717	jrudney_chenx096_20141211_14470_737ws_08_24.6041.6041.3	NLEVSVDVEKEVTDADVEER	A0A139PRK3;E1M8D2;A0A139QRC5;A0A0F3HBE6;A0A081Q9Y1;A0A0F2D6U3;A0A064BYT0;A0A139PFX7;A0A024DGW3;A0A081PNM2;A0A081QKQ1	
393	6071	jrudney_chenx096_20141211_14470_737ws_08_24.7620.7620.3	LAEYKEFFEPQLSDLALSR	A0A081Q2R0;A0A0F2E0V3;A0A081R6A4	
394	4949	jrudney_chenx096_20141211_14470_737ws_08_24.6311.6311.4	LGKEDALLIMAHGTPDPSNAYYSVIQDR	A0A1V0XBW6;A0A2I1TJC0	
395	6014	jrudney_chenx096_20141211_14470_737ws_08_24.7554.7554.3	NLTLFLYPDDSDKQGELLR	A0A0F2CEH9;A0A0F2CT11;A0A024DDN6;A0A139MIY4;F0FHE6;A0A0B7GT45;A0A1E9DPI3;A0A081R7U2;A0A0A0DEQ9;A0A1F2G8S1;A0A096BC79;A8AUG8;F0IS15;F0IJE4;A0A0F3HUA8;A0A1V0H138	
396	5641	jrudney_chenx096_20141211_14470_737ws_08_24.7119.7119.2	TTNPFLSTGDGMAAAFR	D1BPS4;W1V2D2;A0A1V0XDI2;T0STP7;E1L7J3;A0A134C9R2;C4FMG3;E4LF71;D6KJI9;A0A133S4C9;E1LCY9;A0A134C319	
397	5960	jrudney_chenx096_20141211_14470_737ws_08_24.7491.7491.3	NLTLFLYPDDSDKQGELLR	A0A0F2CEH9;A0A0F2CT11;A0A024DDN6;A0A139MIY4;F0FHE6;A0A0B7GT45;A0A1E9DPI3;A0A081R7U2;A0A0A0DEQ9;A0A1F2G8S1;A0A096BC79;A8AUG8;F0IS15;F0IJE4;A0A0F3HUA8;A0A1V0H138	
398	6411	jrudney_chenx096_20141211_14470_737ws_08_24.8017.8017.3	TLGIHIATPVFDGASSEDLWDTVK	A0A0F2E3W8;A0A081R3B2;A0A0F2D4D2;A0A096AKD1	
